"","run.date","Wt.mg","ID","N","N.mg","N.area","C","C.mg","C.area","site","LU","stand","position","year","rep","inc_from","inc_to","depth","line","Nadj","CNevalday"
"5","04-Aug-2017510_46.prm",26.575,"Bp.E2.Ee2.1.10-20.16",0.1719,0.0457,15.9368,3.0086,0.7995,524.4671,"Bp","E","Bp.E2","Ee2","16",1,10,20,15,1,0.171161911640261,"Aug-04"
"6","04-Aug-2017610_52.prm",28.376,"Bp.E2.Ee1.1.10-20.16",0.1872,0.0531,17.7291,3.3352,0.9464,620.071,"Bp","E","Bp.E2","Ee1","16",1,10,20,15,2,0.185599308724327,"Aug-04"
"7","04-Aug-2017710_58.prm",26.851,"Bp.E2.L.1.10-20.16",0.1771,0.0475,16.3831,3.0087,0.8079,529.8879,"Bp","E","Bp.E2","L","16",1,10,20,15,3,0.174838176299943,"Aug-04"
"8","04-Aug-2017811_04.prm",27.86,"Bp.E2.T.1.10-20.16",0.2459,0.0685,21.4431,4.3208,1.2038,787.6169,"Bp","E","Bp.E2","T","16",1,10,20,15,4,0.241730417971158,"Aug-04"
"9","04-Aug-2017911_09.prm",27.278,"Bp.E2.Ee2.2.10-20.16",0.1268,0.0346,13.2594,1.6712,0.4559,300.7752,"Bp","E","Bp.E2","Ee2","16",2,10,20,15,5,0.124123753378945,"Aug-04"
"10","04-Aug-20171011_15.prm",28.102,"Bp.E2.Ee1.2.10-20.16",0.1322,0.0372,13.8772,1.6985,0.4773,314.7165,"Bp","E","Bp.E2","Ee1","16",2,10,20,15,6,0.12886581118569,"Aug-04"
"11","04-Aug-20171111_21.prm",27.341,"Bp.E2.L.2.10-20.16",0.1173,0.0321,12.6499,1.6631,0.4547,300.0065,"Bp","E","Bp.E2","L","16",2,10,20,15,7,0.113862981885931,"Aug-04"
"12","04-Aug-20171211_26.prm",26.596,"Bp.E2.T.2.10-20.16",0.1234,0.0328,12.8274,1.6208,0.4311,284.6295,"Bp","E","Bp.E2","T","16",2,10,20,15,8,0.119284933959703,"Aug-04"
"13","04-Aug-20171311_33.prm",26.968,"Bp.E1.Ee2.1.40-60.16",0.1146,0.0309,12.3668,1.4931,0.4026,266.1241,"Bp","E","Bp.E1","Ee2","16",1,40,60,50,9,0.110318536659676,"Aug-04"
"14","04-Aug-20171411_39.prm",27.864,"Bp.E1.Ee1.1.40-60.16",0.1069,0.0298,12.0963,1.5043,0.4191,276.864,"Bp","E","Bp.E1","Ee1","16",1,40,60,50,10,0.102480799239136,"Aug-04"
"15","04-Aug-20171511_45.prm",27.151,"Bp.E1.T.1.40-60.16",0.1055,0.0287,11.8244,1.4448,0.3923,259.3706,"Bp","E","Bp.E1","T","16",1,40,60,50,11,0.100722292950091,"Aug-04"
"16","04-Aug-20171611_50.prm",28.478,"Bp.E1.L.1.40-60.16",0.1038,0.0296,12.0451,1.5331,0.4366,288.2178,"Bp","E","Bp.E1","L","16",1,40,60,50,12,0.0986929668306858,"Aug-04"
"18","04-Aug-20171812_02.prm",27.671,"Bp.E1.L.2.40-60.16",0.1026,0.0284,11.7584,1.395,0.386,255.2848,"Bp","E","Bp.E1","L","16",2,40,60,50,14,0.0967585759858619,"Aug-04"
"19","04-Aug-20171912_07.prm",28.052,"Bp.E1.T.2.40-60.16",0.1051,0.0295,12.0255,1.3969,0.3919,259.0991,"Bp","E","Bp.E1","T","16",2,40,60,50,15,0.0987147965209198,"Aug-04"
"20","04-Aug-20172012_13.prm",27.645,"Bp.E1.Ee1.2.40-60.16",0.1136,0.0314,12.4863,1.4796,0.409,270.2721,"Bp","E","Bp.E1","Ee1","16",2,40,60,50,16,0.106267980079624,"Aug-04"
"21","04-Aug-20172112_19.prm",26.369,"Bp.E1.Ee2.2.40-60.16",0.1113,0.0293,11.989,1.4845,0.3914,258.8249,"Bp","E","Bp.E1","Ee2","16",2,40,60,50,17,0.103698119634096,"Aug-04"
"22","04-Aug-20172212_25.prm",26.978,"Bp.E1.L.3.40-60.16",0.1076,0.029,11.9123,1.3817,0.3728,246.667,"Bp","E","Bp.E1","L","16",3,40,60,50,18,0.0998496671478541,"Aug-04"
"23","04-Aug-20172312_30.prm",28.298,"Bp.E1.T.3.40-60.16",0.1085,0.0307,12.3206,1.4723,0.4166,275.2323,"Bp","E","Bp.E1","T","16",3,40,60,50,19,0.10028354455281,"Aug-04"
"24","04-Aug-20172412_36.prm",27.361,"Bp.E1.Ee1.3.40-60.16",0.1242,0.034,13.1074,1.7433,0.477,314.5144,"Bp","E","Bp.E1","Ee1","16",3,40,60,50,20,0.114338902709545,"Aug-04"
"25","04-Aug-20172512_42.prm",26.125,"Bp.E1.Ee2.3.40-60.16",0.1115,0.0291,11.9367,1.4408,0.3764,249.0435,"Bp","E","Bp.E1","Ee2","16",3,40,60,50,21,0.102241361124448,"Aug-04"
"26","04-Aug-20172612_48.prm",27.976,"Bp.E1.T.4.40-60.16",0.1082,0.0303,12.2147,1.4304,0.4002,264.5172,"Bp","E","Bp.E1","T","16",4,40,60,50,22,0.0988246164047252,"Aug-04"
"27","04-Aug-20172712_53.prm",27.492,"Bp.E1.L.4.40-60.16",0.1188,0.0327,12.7932,1.6405,0.451,297.6019,"Bp","E","Bp.E1","L","16",4,40,60,50,23,0.108080457773739,"Aug-04"
"28","04-Aug-20172812_59.prm",27.041,"Bp.E1.Ee1.4.40-60.16",0.1165,0.0315,12.5106,1.4588,0.3945,260.7978,"Bp","E","Bp.E1","Ee1","16",4,40,60,50,24,0.105573811912586,"Aug-04"
"29","04-Aug-20172913_05.prm",27.102,"Bp.E1.Ee2.4.40-60.16",0.1042,0.0282,11.7232,1.306,0.3539,234.4173,"Bp","E","Bp.E1","Ee2","16",4,40,60,50,25,0.0940598259945309,"Aug-04"
"31","04-Aug-20173113_16.prm",27.309,"Bp.E1.T.1.60-100.16",0.0958,0.0262,11.2229,1.257,0.3433,227.4674,"Bp","E","Bp.E1","T","16",1,60,100,80,27,0.0858092292610126,"Aug-04"
"32","04-Aug-20173213_22.prm",26.228,"Bp.E1.L.1.60-100.16",0.0973,0.0255,11.0655,1.2507,0.328,217.5534,"Bp","E","Bp.E1","L","16",1,60,100,80,28,0.0868174641656949,"Aug-04"
"33","04-Aug-20173313_28.prm",26.256,"Bp.E1.Ee1.1.60-100.16",0.107,0.0281,11.6886,1.3905,0.3651,241.6785,"Bp","E","Bp.E1","Ee1","16",1,60,100,80,29,0.0951065061231502,"Aug-04"
"34","04-Aug-20173413_34.prm",26.583,"Bp.E1.Ee2.1.60-100.16",0.0954,0.0254,11.029,1.2457,0.3311,219.5789,"Bp","E","Bp.E1","Ee2","16",1,60,100,80,30,0.0844721209112103,"Aug-04"
"35","04-Aug-20173513_39.prm",27.225,"Bp.E1.T.2.60-100.16",0.0978,0.0266,11.3319,1.2507,0.3405,225.679,"Bp","E","Bp.E1","T","16",2,60,100,80,31,0.0862678122056092,"Aug-04"
"36","04-Aug-20173613_45.prm",26.345,"Bp.E1.L.2.60-100.16",0.1027,0.0271,11.4409,1.2532,0.3302,218.9337,"Bp","E","Bp.E1","L","16",2,60,100,80,32,0.0902467482256832,"Aug-04"
"37","04-Aug-20173713_51.prm",27.813,"Bp.E1.Ee1.2.60-100.16",0.1019,0.0283,11.7461,1.2654,0.3519,233.1174,"Bp","E","Bp.E1","Ee1","16",2,60,100,80,33,0.0892057251882995,"Aug-04"
"38","04-Aug-20173813_57.prm",27.848,"Bp.E1.Ee2.2.60-100.16",0.0996,0.0277,11.6016,1.2797,0.3564,236.0044,"Bp","E","Bp.E1","Ee2","16",2,60,100,80,34,0.0868643345569635,"Aug-04"
"39","04-Aug-20173914_02.prm",27.067,"Bp.E1.T.3.60-100.16",0.0956,0.0259,11.1531,1.205,0.3262,216.3367,"Bp","E","Bp.E1","T","16",3,60,100,80,35,0.0830634198906427,"Aug-04"
"40","04-Aug-20174014_08.prm",27.26,"Bp.E1.L.3.60-100.16",0.1023,0.0279,11.6383,1.166,0.3179,210.9332,"Bp","E","Bp.E1","L","16",3,60,100,80,36,0.0885530253503335,"Aug-04"
"41","04-Aug-20174114_14.prm",28.239,"Bp.E1.Ee1.3.60-100.16",0.1124,0.0317,12.5683,1.3885,0.3921,259.2476,"Bp","E","Bp.E1","Ee1","16",3,60,100,80,37,0.0969339668168422,"Aug-04"
"42","04-Aug-20174214_20.prm",27.966,"Bp.E1.Ee2.3.60-100.16",0.0998,0.0279,11.6479,1.2828,0.3588,237.5507,"Bp","E","Bp.E1","Ee2","16",3,60,100,80,38,0.0857488150066276,"Aug-04"
"44","04-Aug-20174414_31.prm",27.234,"Bp.E1.T.4.60-100.16",0.1154,0.0314,12.4923,1.2013,0.3271,216.9773,"Bp","E","Bp.E1","T","16",4,60,100,80,40,0.0984231043857114,"Aug-04"
"45","04-Aug-20174514_37.prm",27.292,"Bp.E1.L.4.60-100.16",0.1125,0.0307,12.3186,1.1646,0.3179,210.9255,"Bp","E","Bp.E1","L","16",4,60,100,80,41,0.0955981391046796,"Aug-04"
"46","04-Aug-20174614_43.prm",27.295,"Bp.E1.Ee1.4.60-100.16",0.1105,0.0302,12.1878,1.1713,0.3197,212.1338,"Bp","E","Bp.E1","Ee1","16",4,60,100,80,42,0.0935557945125093,"Aug-04"
"47","04-Aug-20174714_49.prm",26.955,"Bp.E1.Ee2.4.60-100.16",0.112,0.0302,12.1941,1.1574,0.312,207.106,"Bp","E","Bp.E1","Ee2","16",4,60,100,80,43,0.0944808348859957,"Aug-04"
"48","04-Aug-20174814_54.prm",26.822,"BO.P.1.20-40.16",0.1391,0.0373,13.9116,1.0529,0.2824,187.8478,"BO","P","BO.P",NA,"16",1,20,40,30,44,0.11691651535849,"Aug-04"
"49","04-Aug-20174915_00.prm",27.839,"BO.P.2.20-40.16",0.1443,0.0402,14.6015,1.1003,0.3063,203.4163,"BO","P","BO.P",NA,"16",2,20,40,30,45,0.120849206391771,"Aug-04"
"50","04-Aug-20175015_06.prm",26.034,"BO.P.3.20-40.16",0.1373,0.0357,13.5362,1.0855,0.2826,187.9833,"BO","P","BO.P",NA,"16",3,20,40,30,46,0.11457303351498,"Aug-04"
"51","04-Aug-20175115_12.prm",28.439,"BO.P.4.20-40.16",0.1364,0.0388,14.2697,1.0949,0.3114,206.7154,"BO","P","BO.P",NA,"16",4,20,40,30,47,0.113413896523192,"Aug-04"
"52","04-Aug-20175215_17.prm",27.334,"BO.P.1.40-60.16",0.1236,0.0338,13.0637,0.9117,0.2492,166.2312,"BO","P","BO.P",NA,"16",1,40,60,50,48,0.102403778597254,"Aug-04"
"53","04-Aug-20175315_23.prm",27.498,"BO.P.3.40-60.16",0.1246,0.0343,13.178,0.8616,0.2369,158.2509,"BO","P","BO.P",NA,"16",3,40,60,50,49,0.102864781276291,"Aug-04"
"54","04-Aug-20175415_29.prm",27.609,"BO.P.4.40-60.16",0.1243,0.0343,13.1885,0.8759,0.2418,161.4325,"BO","P","BO.P",NA,"16",4,40,60,50,50,0.102253092343212,"Aug-04"
"55","04-Aug-20175515_35.prm",28.148,"BO.P.3.60-100.16",0.098,0.0276,11.5643,0.5719,0.161,108.8189,"BO","P","BO.P",NA,"16",3,60,100,80,51,0.0803329139414757,"Aug-04"
"56","04-Aug-20175615_41.prm",26.913,"BO.P.4.60-100.16",0.1049,0.0282,11.7218,0.581,0.1564,105.804,"BO","P","BO.P",NA,"16",4,60,100,80,52,0.0856861208930896,"Aug-04"
"62","14-Jul-2017510_36.prm",26.687,"JP.E2.E.1.0-10.04",0.0421,0.0112,6.1347,0.9211,0.2458,158.874,"JP","E","JP.E2","E","04",1,0,10,5,1,0.0421,"Jul-14"
"63","14-Jul-2017610_42.prm",25.822,"JP.E2.E.4.0-10.04",0.028,0.0072,5.3747,0.7551,0.195,132.1017,"JP","E","JP.E2","E","04",4,0,10,5,2,0.028,"Jul-14"
"64","14-Jul-2017710_48.prm",26.261,"JP.E2.Ee1.2.0-10.16",0.0731,0.0192,7.6566,1.8389,0.4829,283.7805,"JP","E","JP.E2","Ee1","16",2,0,10,5,3,0.0731,"Jul-14"
"65","14-Jul-2017810_53.prm",27.412,"JP.E2.Ee2.2.0-10.16",0.0714,0.0196,7.7257,1.7647,0.4838,284.2264,"JP","E","JP.E2","Ee2","16",2,0,10,5,4,0.0714,"Jul-14"
"66","14-Jul-2017910_59.prm",28.417,"JP.E2.L.4.0-10.16",0.0211,0.006,5.138,0.5962,0.1694,118.6232,"JP","E","JP.E2","L","16",4,0,10,5,5,0.0211,"Jul-14"
"67","14-Jul-20171011_05.prm",28.603,"JP.E2.Ee1.4.0-10.16",0.0284,0.0081,5.5405,0.8012,0.2292,150.1022,"JP","E","JP.E2","Ee1","16",4,0,10,5,6,0.0284,"Jul-14"
"68","14-Jul-20171111_11.prm",28.68,"JP.E2.Ee2.4.0-10.16",0.0617,0.0177,7.3684,1.6348,0.4689,276.3794,"JP","E","JP.E2","Ee2","16",4,0,10,5,7,0.0617,"Jul-14"
"69","14-Jul-20171211_16.prm",27.502,"JP.E2.L.3.0-10.16",0.0387,0.0106,6.0218,0.7853,0.216,143.1583,"JP","E","JP.E2","L","16",3,0,10,5,8,0.0387,"Jul-14"
"70","14-Jul-20171311_22.prm",28.792,"JP.E2.Ee1.3.0-10.16",0.0466,0.0134,6.5551,1.2277,0.3535,215.5984,"JP","E","JP.E2","Ee1","16",3,0,10,5,9,0.0466,"Jul-14"
"71","14-Jul-20171411_28.prm",28.402,"JP.E2.Ee2.3.0-10.16",0.0572,0.0163,7.0938,1.3651,0.3877,233.6379,"JP","E","JP.E2","Ee2","16",3,0,10,5,10,0.0572,"Jul-14"
"72","14-Jul-20171511_33.prm",27.516,"JP.E2.L.1.0-10.16",0.0443,0.0122,6.3205,1.0366,0.2852,179.6474,"JP","E","JP.E2","L","16",1,0,10,5,11,0.0443,"Jul-14"
"73","14-Jul-20171611_39.prm",26.682,"JP.E2.Ee2.1.0-10.16",0.0497,0.0133,6.5254,1.061,0.2831,178.515,"JP","E","JP.E2","Ee2","16",1,0,10,5,12,0.0497,"Jul-14"
"75","14-Jul-20171811_51.prm",27.171,"JP.E2.Ee1.1.0-10.16",0.045,0.0122,6.3248,1.0055,0.2732,173.3082,"JP","E","JP.E2","Ee1","16",1,0,10,5,14,0.0447941741588728,"Jul-14"
"76","14-Jul-20171911_56.prm",26.315,"JP.E2.T.1.0-10.16",0.0194,0.0051,4.9653,0.396,0.1042,84.2795,"JP","E","JP.E2","T","16",1,0,10,5,15,0.0192233404105081,"Jul-14"
"77","14-Jul-20172012_02.prm",26.942,"JP.E2.E.1.0-10.04",0.0382,0.0103,5.957,0.7245,0.1952,132.2103,"JP","E","JP.E2","E","04",1,0,10,5,16,0.0376805817335556,"Jul-14"
"78","14-Jul-20172112_08.prm",27.103,"JP.E2.E.3.0-10.04",0.036,0.0097,5.8522,0.7249,0.1965,132.8808,"JP","E","JP.E2","E","04",3,0,10,5,17,0.0353502726864474,"Jul-14"
"79","14-Jul-20172212_14.prm",26.933,"JP.E2.E.2.0-10.04",0.0479,0.0129,6.4543,0.9472,0.2551,163.7674,"JP","E","JP.E2","E","04",2,0,10,5,18,0.046824231006267,"Jul-14"
"80","14-Jul-20172312_19.prm",26.683,"JP.E2.E.4.10-20.04",0.019,0.0051,4.9609,0.3478,0.0928,78.2618,"JP","E","JP.E2","E","04",4,10,20,15,19,0.0184902326788831,"Jul-14"
"81","14-Jul-20172412_25.prm",26.933,"JP.E2.E.3.10-20.04",0.0187,0.005,4.953,0.3068,0.0826,72.9084,"JP","E","JP.E2","E","04",3,10,20,15,20,0.0181172676803449,"Jul-14"
"82","14-Jul-20172512_31.prm",27.332,"JP.E2.E.1.10-20.04",0.0239,0.0065,5.2384,0.3743,0.1023,83.2734,"JP","E","JP.E2","E","04",1,10,20,15,21,0.0230526003639233,"Jul-14"
"83","14-Jul-20172612_37.prm",27.134,"JP.E2.E.2.10-20.04",0.0333,0.009,5.7153,0.5429,0.1473,106.9861,"JP","E","JP.E2","E","04",2,10,20,15,22,0.0319775885983697,"Jul-14"
"84","14-Jul-20172712_42.prm",26.219,"It.E1.Ee2.1.0-10.16",0.3221,0.0844,20.0976,7.0853,1.8577,1008.0474,"It","E","It.E1","Ee2","16",1,0,10,5,23,0.307949933548742,"Jul-14"
"85","14-Jul-20172812_48.prm",27.68,"It.E1.T.1.0-10.16",0.2401,0.0665,16.6699,5.229,1.4474,791.8983,"It","E","It.E1","T","16",1,0,10,5,24,0.228548220411175,"Jul-14"
"86","14-Jul-20172912_54.prm",27.768,"It.E1.L.1.0-10.16",0.2085,0.0579,15.0369,4.863,1.3503,740.7707,"It","E","It.E1","L","16",1,0,10,5,25,0.197604279440809,"Jul-14"
"89","14-Jul-20173213_11.prm",27.428,"It.E1.Ee1.1.0-10.16",0.4325,0.1186,26.6183,7.2497,1.9884,1076.9325,"It","E","It.E1","Ee1","16",1,0,10,5,28,0.404612539884027,"Jul-14"
"90","14-Jul-20173313_17.prm",26.797,"It.E1.T.2.0-10.16",0.2536,0.068,16.9544,5.2173,1.3981,765.9148,"It","E","It.E1","T","16",2,0,10,5,29,0.236232474452324,"Jul-14"
"91","14-Jul-20173413_23.prm",26.672,"It.E1.L.2.0-10.16",0.2586,0.069,17.1489,7.3469,1.9596,1061.7243,"It","E","It.E1","L","16",2,0,10,5,30,0.239863380546221,"Jul-14"
"92","14-Jul-20173513_28.prm",26.224,"It.E1.Ee1.2.0-10.16",0.2233,0.0585,15.1589,5.645,1.4804,809.2612,"It","E","It.E1","Ee1","16",2,0,10,5,31,0.20624200467099,"Jul-14"
"93","14-Jul-20173613_34.prm",27.904,"It.E1.Ee2.2.0-10.16",0.2537,0.0708,17.4924,5.0285,1.4032,768.5916,"It","E","It.E1","Ee2","16",2,0,10,5,32,0.233329503148657,"Jul-14"
"94","14-Jul-20173713_40.prm",27.588,"It.E1.T.3.0-10.16",0.18,0.0497,13.4641,3.8527,1.0629,589.33,"It","E","It.E1","T","16",3,0,10,5,33,0.164850489469892,"Jul-14"
"95","14-Jul-20173813_46.prm",26.821,"It.E1.Ee1.3.0-10.16",0.2871,0.077,18.6791,5.7528,1.543,842.2427,"It","E","It.E1","Ee1","16",3,0,10,5,34,0.261834678698341,"Jul-14"
"96","14-Jul-20173913_51.prm",26.989,"It.E1.Ee2.3.0-10.16",0.2907,0.0785,18.958,5.4887,1.4813,809.7787,"It","E","It.E1","Ee2","16",3,0,10,5,35,0.264011515364935,"Jul-14"
"97","14-Jul-20174013_57.prm",26.75,"It.E1.L.3.0-10.16",0.3036,0.0812,19.481,5.9819,1.6002,872.3752,"It","E","It.E1","L","16",3,0,10,5,36,0.274581348052803,"Jul-14"
"98","14-Jul-20174114_03.prm",28.755,"It.E1.T.4.0-10.16",0.2733,0.0786,18.981,5.6095,1.613,879.1514,"It","E","It.E1","T","16",4,0,10,5,37,0.246154525865526,"Jul-14"
"99","14-Jul-20174214_09.prm",28.612,"It.E1.L.4.0-10.16",0.2047,0.0586,15.1636,4.6079,1.3184,723.9406,"It","E","It.E1","L","16",4,0,10,5,38,0.18360833931674,"Jul-14"
"100","14-Jul-20174314_14.prm",26.797,"It.E1.Ee1.4.0-10.16",0.309,0.0828,19.7837,5.5111,1.4768,807.3931,"It","E","It.E1","Ee1","16",4,0,10,5,39,0.27602396043145,"Jul-14"
"102","14-Jul-20174514_26.prm",26.483,"It.E1.Ee2.4.0-10.16",0.2733,0.0724,17.7943,5.1332,1.3594,745.5595,"It","E","It.E1","Ee2","16",4,0,10,5,41,0.242146007639436,"Jul-14"
"103","14-Jul-20174614_32.prm",26.499,"It.E1.T.4.0-10.04",0.1615,0.0428,12.1565,3.1656,0.8389,471.3008,"It","E","It.E1","T","04",4,0,10,5,42,0.142510125865482,"Jul-14"
"104","14-Jul-20174714_37.prm",26.847,"It.E1.T.1.0-10.04",0.242,0.065,16.3831,4.9231,1.3217,725.6814,"It","E","It.E1","T","04",1,0,10,5,43,0.212682236452029,"Jul-14"
"105","14-Jul-20174814_44.prm",28.12,"It.E1.T.3.0-10.04",0.2507,0.0705,17.4353,4.8082,1.3521,741.6822,"It","E","It.E1","T","04",3,0,10,5,44,0.219442086659306,"Jul-14"
"106","14-Jul-20174914_51.prm",27.164,"It.E1.T.2.0-10.04",0.2322,0.0631,16.0216,4.564,1.2398,682.506,"It","E","It.E1","T","04",2,0,10,5,45,0.20243451851642,"Jul-14"
"107","14-Jul-20175014_58.prm",29.901,"It.E1.T.2.0-10.04",0.2419,0.0723,17.7899,4.505,1.347,739.0209,"It","E","It.E1","T","04",2,0,10,5,46,0.210049646327722,"Jul-14"
"108","14-Jul-20175115_05.prm",28.264,"It.E1.L.4.10-20.16",0.2166,0.0612,15.6693,3.9357,1.1124,615.4053,"It","E","It.E1","L","16",4,10,20,15,47,0.187333386873457,"Jul-14"
"109","14-Jul-20175215_11.prm",28.139,"It.E1.T.1.10-20.04",0.1807,0.0509,13.692,3.3398,0.9398,524.481,"It","E","It.E1","T","04",1,10,20,15,48,0.155665507047585,"Jul-14"
"110","14-Jul-20175315_18.prm",26.467,"It.E1.T.2.10-20.04",0.1876,0.0496,13.4602,3.1736,0.8399,471.8774,"It","E","It.E1","T","04",2,10,20,15,49,0.160972386307833,"Jul-14"
"113","14-Jul-20175615_39.prm",26.724,"It.E1.T.3.10-20.04",0.1988,0.0531,14.1253,3.449,0.9217,514.959,"It","E","It.E1","T","04",3,10,20,15,52,0.168588580833608,"Jul-14"
"114","14-Jul-20175715_45.prm",26.891,"It.E1.T.4.10-20.04",0.2673,0.0719,17.7035,4.8855,1.3138,721.4952,"It","E","It.E1","T","04",4,10,20,15,53,0.225798853994581,"Jul-14"
"115","14-Jul-20175815_52.prm",27.827,"It.E1.T.2.10-20.16",0.4124,0.1148,25.8773,5.5056,1.532,836.4887,"It","E","It.E1","T","16",2,10,20,15,54,0.347023570857942,"Jul-14"
"120","11-Jul-2017510_55.prm",26.884,"Vg.E.Ee1.4.0-10.16",0.3451,0.0928,22.0073,5.5514,1.4924,826.6781,"Vg","E","Vg.E","Ee1","16",4,0,10,5,1,0.344381665301691,"Jul-11"
"121","11-Jul-2017611_00.prm",28.455,"Vg.E.Ee2.4.0-10.16",0.3622,0.1031,24.034,5.8865,1.675,928.5318,"Vg","E","Vg.E","Ee2","16",4,0,10,5,2,0.360695274532194,"Jul-11"
"122","11-Jul-2017711_06.prm",26.168,"Vg.E.L.4.0-10.16",0.2723,0.0713,17.7677,4.4982,1.1771,650.729,"Vg","E","Vg.E","L","16",4,0,10,5,3,0.270606650733182,"Jul-11"
"123","11-Jul-2017811_12.prm",26.622,"Vg.E.Ee2.3.0-10.16",0.1979,0.0527,14.1039,3.1694,0.8438,464.762,"Vg","E","Vg.E","Ee2","16",3,0,10,5,4,0.19626248940843,"Jul-11"
"124","11-Jul-2017911_18.prm",26.648,"Vg.E.T.3.0-10.16",0.2967,0.0791,19.3047,4.3156,1.15,635.6332,"Vg","E","Vg.E","T","16",3,0,10,5,5,0.293637554099298,"Jul-11"
"125","11-Jul-20171011_23.prm",25.486,"Vg.E.L.3.0-10.16",0.3343,0.0852,20.5163,5.191,1.323,732.1343,"Vg","E","Vg.E","L","16",3,0,10,5,6,0.330167880286787,"Jul-11"
"127","11-Jul-20171211_35.prm",27.718,"Vg.N.A.1.0-10.16",0.4597,0.1274,28.8353,6.4266,1.7813,987.8597,"Vg","N","Vg.N","A","16",1,0,10,5,8,0.452154916203845,"Jul-11"
"128","11-Jul-20171311_40.prm",27.797,"Vg.N.C.1.0-10.16",0.3622,0.1007,23.5639,5.3144,1.4773,818.2021,"Vg","N","Vg.N","C","16",1,0,10,5,9,0.355525781319478,"Jul-11"
"129","11-Jul-20171411_46.prm",28.798,"Vg.N.D.1.0-10.16",0.4299,0.1238,28.1237,6.0812,1.7513,971.0821,"Vg","N","Vg.N","D","16",1,0,10,5,10,0.421116074523572,"Jul-11"
"130","11-Jul-20171511_52.prm",27.794,"Vg.N.A.2.0-10.16",0.379,0.1053,24.4825,5.4307,1.5094,836.1499,"Vg","N","Vg.N","A","16",2,0,10,5,11,0.370499066354128,"Jul-11"
"131","11-Jul-20171611_58.prm",28.827,"Vg.N.D.2.0-10.16",0.3618,0.1043,24.279,4.8679,1.4033,776.9316,"Vg","N","Vg.N","D","16",2,0,10,5,12,0.352965135782577,"Jul-11"
"132","11-Jul-20171712_03.prm",25.098,"Vg.N.C.2.0-10.16",0.307,0.0771,18.9084,4.1359,1.038,573.1483,"Vg","N","Vg.N","C","16",2,0,10,5,13,0.298895076195313,"Jul-11"
"134","11-Jul-20171912_15.prm",28.256,"Vg.N.A.3.0-10.16",0.4102,0.1159,26.564,5.4841,1.5496,858.5598,"Vg","N","Vg.N","A","16",3,0,10,5,15,0.397755032537168,"Jul-11"
"135","11-Jul-20172012_21.prm",27.839,"Vg.N.B.3.0-10.16",0.3851,0.1072,24.8515,5.1511,1.434,794.0741,"Vg","N","Vg.N","B","16",3,0,10,5,16,0.372662793614467,"Jul-11"
"136","11-Jul-20172112_26.prm",27.392,"Vg.N.C.3.0-10.16",0.4012,0.1099,25.3816,5.2325,1.4333,793.6787,"Vg","N","Vg.N","C","16",3,0,10,5,17,0.387460736760031,"Jul-11"
"137","11-Jul-20172212_32.prm",27.406,"Vg.N.D.3.0-10.16",0.4186,0.1147,26.3349,5.5686,1.5261,845.4805,"Vg","N","Vg.N","D","16",3,0,10,5,18,0.403452137676305,"Jul-11"
"138","11-Jul-20172312_38.prm",25.249,"Vg.N.A.4.0-10.16",0.3145,0.0794,19.3726,4.2096,1.0629,587.0176,"Vg","N","Vg.N","A","16",4,0,10,5,19,0.302511036239477,"Jul-11"
"139","11-Jul-20172412_43.prm",26.501,"Vg.N.B.4.0-10.16",0.4391,0.1164,26.6576,5.5445,1.4694,813.7963,"Vg","N","Vg.N","B","16",4,0,10,5,20,0.421515486628507,"Jul-11"
"140","11-Jul-20172512_49.prm",25.729,"Vg.N.C.4.0-10.16",0.4317,0.1111,25.6142,5.0803,1.3071,723.2745,"Vg","N","Vg.N","C","16",4,0,10,5,21,0.413583698868997,"Jul-11"
"141","11-Jul-20172612_55.prm",27.846,"Vg.N.D.4.0-10.16",0.3363,0.0936,22.1789,4.4522,1.2398,685.7053,"Vg","N","Vg.N","D","16",4,0,10,5,22,0.321544608531862,"Jul-11"
"142","11-Jul-20172713_01.prm",26.347,"Vg.N.1.20-40.16",0.2447,0.0645,16.4296,3.593,0.9466,522.1615,"Vg","N","Vg.N",NA,"16",1,20,40,30,23,0.233497944474994,"Jul-11"
"143","11-Jul-20172813_06.prm",26.106,"Vg.N.2.20-40.16",0.1897,0.0495,13.4816,2.468,0.6443,353.4685,"Vg","N","Vg.N",NA,"16",2,20,40,30,24,0.180656200272288,"Jul-11"
"144","11-Jul-20172913_12.prm",26.507,"Vg.N.3.20-40.16",0.2056,0.0545,14.4609,2.7238,0.722,396.8234,"Vg","N","Vg.N",NA,"16",3,20,40,30,25,0.195410012652512,"Jul-11"
"145","11-Jul-20173013_18.prm",26.352,"Vg.N.4.20-40.16",0.2311,0.0609,15.7245,3.2474,0.8558,471.4524,"Vg","N","Vg.N",NA,"16",4,20,40,30,26,0.219211592363285,"Jul-11"
"147","11-Jul-20173213_29.prm",27.619,"Vg.N.1.10-20.16",0.2637,0.0728,18.0769,3.4347,0.9486,523.2631,"Vg","N","Vg.N",NA,"16",1,10,20,15,28,0.249148646642199,"Jul-11"
"148","11-Jul-20173313_35.prm",25.747,"Vg.N.2.10-20.16",0.2341,0.0603,15.6015,2.8804,0.7416,407.7731,"Vg","N","Vg.N",NA,"16",2,10,20,15,29,0.220746977320092,"Jul-11"
"149","11-Jul-20173413_41.prm",26.838,"Vg.N.3.10-20.16",0.2894,0.0777,19.0284,3.6008,0.9664,533.1784,"Vg","N","Vg.N",NA,"16",3,10,20,15,30,0.272356978736247,"Jul-11"
"150","11-Jul-20173513_47.prm",28.402,"Vg.N.4.10-20.16",0.2635,0.0748,18.4697,3.3802,0.96,529.6304,"Vg","N","Vg.N",NA,"16",4,10,20,15,31,0.247496409851904,"Jul-11"
"151","11-Jul-20173613_52.prm",29.657,"Vg.N.C.1.40-60.16",0.1769,0.0525,14.0592,2.3291,0.6907,379.3793,"Vg","N","Vg.N","C","16",1,40,60,50,32,0.165831140158654,"Jul-11"
"152","11-Jul-20173713_58.prm",26.162,"Vg.N.A.1.40-60.16",0.2303,0.0602,15.5961,3.5167,0.92,507.3099,"Vg","N","Vg.N","A","16",1,40,60,50,33,0.215468516764578,"Jul-11"
"153","11-Jul-20173814_04.prm",27.276,"Vg.E.4.0-10.04",0.3165,0.0863,20.7362,4.5449,1.2397,685.6506,"Vg","E","Vg.E",NA,"04",4,0,10,5,34,0.295540417715615,"Jul-11"
"154","11-Jul-20173914_10.prm",26.925,"Vg.E.3.20-40.04",0.3058,0.0823,19.9483,4.255,1.1457,633.1919,"Vg","E","Vg.E",NA,"04",3,20,40,30,35,0.284993911136676,"Jul-11"
"155","11-Jul-20174014_15.prm",25.15,"Vg.N.A.4.40-60.16",0.1895,0.0477,13.1135,2.4028,0.6043,331.1583,"Vg","N","Vg.N","A","16",4,40,60,50,36,0.176264108092835,"Jul-11"
"156","11-Jul-20174114_21.prm",27.915,"Vg.N.A.3.40-60.16",0.2154,0.0601,15.5713,2.8333,0.7909,435.2753,"Vg","N","Vg.N","A","16",3,40,60,50,37,0.199967114728751,"Jul-11"
"158","11-Jul-20174314_33.prm",26.814,"Vg.N.B.2.40-60.16",0.1924,0.0516,13.8901,2.4315,0.652,357.7648,"Vg","N","Vg.N","B","16",2,40,60,50,39,0.177925929811027,"Jul-11"
"159","11-Jul-20174414_38.prm",28.642,"Vg.N.A.2.40-60.16",0.2009,0.0575,15.0621,2.513,0.7198,395.5768,"Vg","N","Vg.N","A","16",2,40,60,50,40,0.185428799935638,"Jul-11"
"160","11-Jul-20174514_44.prm",25.295,"Vg.N.B.1.40-60.16",0.2004,0.0507,13.7139,2.6647,0.674,370.0692,"Vg","N","Vg.N","B","16",1,40,60,50,41,0.184611883139096,"Jul-11"
"161","11-Jul-20174614_50.prm",27.059,"Vg.N.B.3.40-60.16",0.2084,0.0564,14.8363,2.6096,0.7061,387.9678,"Vg","N","Vg.N","B","16",3,40,60,50,42,0.191613426697929,"Jul-11"
"162","11-Jul-20174714_56.prm",25.406,"Vg.N.B.4.40-60.16",0.2375,0.0603,15.613,3.0071,0.764,420.2533,"Vg","N","Vg.N","B","16",4,40,60,50,43,0.217951429675225,"Jul-11"
"163","11-Jul-20174815_02.prm",28.022,"Vg.N.C.4.40-60.16",0.2723,0.0763,18.7588,3.7378,1.0474,578.3713,"Vg","N","Vg.N","C","16",4,40,60,50,44,0.249409634579485,"Jul-11"
"164","11-Jul-20174915_07.prm",25.636,"Vg.N.C.3.40-60.16",0.1973,0.0506,13.6905,2.5533,0.6546,359.202,"Vg","N","Vg.N","C","16",3,40,60,50,45,0.180369761789574,"Jul-11"
"165","11-Jul-20175015_13.prm",25.278,"Vg.N.C.2.40-60.16",0.1537,0.0389,11.378,1.8378,0.4646,253.1969,"Vg","N","Vg.N","C","16",2,40,60,50,46,0.140243633417395,"Jul-11"
"166","11-Jul-20175115_19.prm",27.328,"Vg.N.D.1.40-60.16",0.2107,0.0576,15.0697,2.7802,0.7598,417.894,"Vg","N","Vg.N","D","16",1,40,60,50,47,0.191888097539637,"Jul-11"
"167","11-Jul-20175215_25.prm",26.992,"Vg.N.D.4.40-60.16",0.1714,0.0463,12.8375,2.1487,0.58,317.5819,"Vg","N","Vg.N","D","16",4,40,60,50,48,0.155800949609964,"Jul-11"
"168","11-Jul-20175315_31.prm",27.973,"Vg.N.D.2.40-60.16",0.2008,0.0562,14.7914,2.581,0.722,396.8082,"Vg","N","Vg.N","D","16",2,40,60,50,49,0.182179847348046,"Jul-11"
"169","11-Jul-20175415_36.prm",28.538,"Vg.N.D.3.40-60.16",0.2032,0.058,15.1532,2.627,0.7497,412.2683,"Vg","N","Vg.N","D","16",3,40,60,50,50,0.184009068534999,"Jul-11"
"172","11-Jul-20175715_54.prm",26.486,"Vg.N.3.60-100.16",0.1402,0.0371,11.0375,1.7584,0.4657,253.8382,"Vg","N","Vg.N",NA,"16",3,60,100,80,53,0.126243638913729,"Jul-11"
"173","11-Jul-20175816_00.prm",28.692,"Vg.N.4.60-100.16",0.1531,0.0439,12.3776,2.0192,0.5794,317.239,"Vg","N","Vg.N",NA,"16",4,60,100,80,54,0.137601048276327,"Jul-11"
"178","01-Nov-20175.prm",27.192,"Bp.E1.L.2.20-40.16",0.0986,0.0268,10.5535,1.4172,0.3854,253.5571,"Bp","E","Bp.E1","L","16",2,20,40,30,1,0.0982234854961388,"Nov-01"
"179","01-Nov-20176.prm",24.729,"It.N.2.20-40.16",0.3575,0.0884,24.2381,5.3855,1.3318,864.6792,"It","N","It.N",NA,"16",2,20,40,30,2,0.35478008334492,"Nov-01"
"180","01-Nov-20177.prm",24.426,"It.N.3.20-40.16",0.3418,0.0835,23.1423,5.6563,1.3816,896.8448,"It","N","It.N",NA,"16",3,20,40,30,3,0.337914079498982,"Nov-01"
"181","01-Nov-20178.prm",24.523,"It.N.4.20-40.16",0.3649,0.0895,24.4773,6.3397,1.5547,1008.6011,"It","N","It.N",NA,"16",4,20,40,30,4,0.359389490771889,"Nov-01"
"183","01-Nov-201710.prm",24.747,"It.N.A.5.40-60.16",0.0959,0.0237,9.8711,1.4565,0.3605,237.4689,"It","N","It.N","A","16",5,40,60,50,6,0.0937439400973722,"Nov-01"
"184","01-Nov-201711.prm",26.18,"It.N.B.5.40-60.16",0.0828,0.0217,9.4165,1.2477,0.3266,215.636,"It","N","It.N","B","16",5,40,60,50,7,0.0806363099163504,"Nov-01"
"185","01-Nov-201712.prm",24.013,"It.N.1.40-60.16",0.1758,0.0422,13.9747,2.8555,0.6857,447.4765,"It","N","It.N",NA,"16",1,40,60,50,8,0.170569330252964,"Nov-01"
"186","01-Nov-201713.prm",25.73,"It.N.2.40-60.16",0.2607,0.0671,19.4989,3.9399,1.0137,659.3019,"It","N","It.N",NA,"16",2,40,60,50,9,0.252005997602283,"Nov-01"
"187","01-Nov-201714.prm",25.601,"It.N.3.40-60.16",0.1718,0.044,14.3667,2.6564,0.6801,443.848,"It","N","It.N",NA,"16",3,40,60,50,10,0.16545760757604,"Nov-01"
"189","01-Nov-201716.prm",25.109,"It.N.4.40-60.16",0.2024,0.0508,15.8891,3.0794,0.7732,503.989,"It","N","It.N",NA,"16",4,40,60,50,12,0.19349924415227,"Nov-01"
"190","01-Nov-201717.prm",27.249,"It.N.3.60-100.16",0.118,0.0321,11.7392,1.7819,0.4856,318.2559,"It","N","It.N",NA,"16",3,60,100,80,13,0.112398918965888,"Nov-01"
"191","01-Nov-201718.prm",25.899,"It.N.4.60-100.16",0.2317,0.06,17.927,3.8366,0.9936,646.3259,"It","N","It.N",NA,"16",4,60,100,80,14,0.219899029682255,"Nov-01"
"192","01-Nov-201719.prm",27.59,"It.N.1.60-100.16",0.1284,0.0354,12.4691,2.0888,0.5763,376.8421,"It","N","It.N",NA,"16",1,60,100,80,15,0.121418595018493,"Nov-01"
"193","01-Nov-201720.prm",27.132,"Eu.E2.T.2.0-10.16",0.1234,0.0335,12.0371,1.637,0.4441,291.5118,"Eu","E","Eu.E2","T","16",2,0,10,5,16,0.116269002278053,"Nov-01"
"194","01-Nov-201721.prm",29.005,"Eu.E2.T.3.0-10.16",0.1343,0.039,13.2542,1.7602,0.5105,334.3861,"Eu","E","Eu.E2","T","16",3,0,10,5,17,0.126083736455451,"Nov-01"
"195","01-Nov-201722.prm",26.869,"Eu.E2.T.4.0-10.16",0.1121,0.0301,11.2885,1.4372,0.3862,254.0697,"Eu","E","Eu.E2","T","16",4,0,10,5,18,0.104864518436864,"Nov-01"
"196","01-Nov-201723.prm",28.764,"Eu.E2.L.2.0-10.16",0.1514,0.0436,14.2752,1.9824,0.5702,372.9137,"Eu","E","Eu.E2","L","16",2,0,10,5,19,0.141121865886295,"Nov-01"
"197","01-Nov-201724.prm",29.07,"Eu.E2.L.3.0-10.16",0.1037,0.0302,11.2976,1.3431,0.3904,256.8262,"Eu","E","Eu.E2","L","16",3,0,10,5,20,0.0963159508086167,"Nov-01"
"199","01-Nov-201726.prm",25.993,"Eu.E2.L.4.0-10.16",0.1135,0.0295,11.1541,1.4165,0.3682,242.4703,"Eu","E","Eu.E2","L","16",4,0,10,5,22,0.104672801401381,"Nov-01"
"200","01-Nov-201727.prm",27.837,"Eu.E2.Ee2.2.0-10.16",0.1281,0.0356,12.5175,1.5651,0.4357,286.0489,"Eu","E","Eu.E2","Ee2","16",2,0,10,5,23,0.117721161728289,"Nov-01"
"201","01-Nov-201728.prm",27.938,"Eu.E2.Ee2.3.0-10.16",0.1004,0.0281,10.8298,1.3335,0.3725,245.2801,"Eu","E","Eu.E2","Ee2","16",3,0,10,5,24,0.0919415741555027,"Nov-01"
"202","01-Nov-201729.prm",25.742,"Eu.E2.Ee2.4.0-10.16",0.1289,0.0332,11.9669,1.834,0.4721,309.5756,"Eu","E","Eu.E2","Ee2","16",4,0,10,5,25,0.117627618409645,"Nov-01"
"203","01-Nov-201730.prm",29.513,"Bp.E1.Ee1.1.10-20.16",0.1408,0.0415,13.8281,1.8251,0.5386,352.5337,"Bp","E","Bp.E1","Ee1","16",1,10,20,15,26,0.128039072619676,"Nov-01"
"204","01-Nov-201731.prm",29.983,"JP.P.3.0-10.16",0.0405,0.0122,7.2991,0.3909,0.1172,80.3977,"JP","P","JP.P",NA,"16",3,0,10,5,27,0.036701485597699,"Nov-01"
"205","01-Nov-201732.prm",29.228,"JP.P.4.0-10.16",0.0491,0.0143,7.7854,0.6114,0.1787,120.1175,"JP","P","JP.P",NA,"16",4,0,10,5,28,0.0443408596824466,"Nov-01"
"206","01-Nov-201733.prm",29.261,"JP.P.1.10-20.16",0.0541,0.0158,8.1176,0.6077,0.1778,119.5428,"JP","P","JP.P",NA,"16",1,10,20,15,29,0.0486876802044958,"Nov-01"
"207","01-Nov-201734.prm",25.714,"JP.P.2.10-20.16",0.0653,0.0168,8.3283,0.703,0.1808,121.4421,"JP","P","JP.P",NA,"16",2,10,20,15,30,0.0585651645127378,"Nov-01"
"208","01-Nov-201735.prm",28.298,"JP.P.3.10-20.16",0.0579,0.0164,8.2373,0.6089,0.1723,115.9886,"JP","P","JP.P",NA,"16",3,10,20,15,31,0.0517504644686269,"Nov-01"
"209","01-Nov-201736.prm",28.774,"JP.P.4.10-20.16",0.0548,0.0158,8.1045,0.6614,0.1903,127.6043,"JP","P","JP.P",NA,"16",4,10,20,15,32,0.0488124770057286,"Nov-01"
"210","01-Nov-201737.prm",28.569,"JP.P.1.0-10.04",0.062,0.0177,8.5323,0.7164,0.2047,136.8787,"JP","P","JP.P",NA,"04",1,0,10,5,33,0.0550378728615711,"Nov-01"
"212","01-Nov-201739.prm",27.199,"JP.N.1.20-40.16",0.0581,0.0158,8.1078,0.3936,0.1071,73.8513,"JP","N","JP.N",NA,"16",1,20,40,30,35,0.0512271814938821,"Nov-01"
"213","01-Nov-201740.prm",28.953,"JP.N.2.20-40.16",0.053,0.0153,8.0056,0.3208,0.0929,64.6849,"JP","N","JP.N",NA,"16",2,20,40,30,36,0.0465730678282246,"Nov-01"
"220","14-Jun-20175.prm",25.394,"Bp.E1.E.4.60-100.04",0.0736,0.0187,11.6316,0.9821,0.2494,165.2868,"Bp","E","Bp.E1","E","04",4,60,100,80,1,0.0727743564117651,"Jun-14"
"221","14-Jun-20176.prm",24.156,"Bp.E1.E.3.60-100.04",0.0781,0.0189,11.6706,0.9753,0.2356,156.3009,"Bp","E","Bp.E1","E","04",3,60,100,80,2,0.0763671896101321,"Jun-14"
"222","14-Jun-20177.prm",25.152,"Bp.E1.L.4.60-100.04",0.0834,0.021,12.1782,0.985,0.2478,164.2275,"Bp","E","Bp.E1","L","04",4,60,100,80,3,0.0806548506008682,"Jun-14"
"223","14-Jun-20178.prm",24.612,"Bp.E1.L.3.60-100.04",0.082,0.0202,11.9869,0.9225,0.227,150.7329,"Bp","E","Bp.E1","L","04",3,60,100,80,4,0.0784402993888037,"Jun-14"
"224","14-Jun-20179.prm",28.465,"Bp.E1.L.4.0-10.04",0.1671,0.0476,18.5284,2.2877,0.6512,427.0572,"Bp","E","Bp.E1","L","04",4,0,10,5,5,0.158129881330053,"Jun-14"
"225","14-Jun-201710.prm",28.825,"Bp.E1.L.3.0-10.04",0.1441,0.0415,17.0849,1.9623,0.5656,371.3177,"Bp","E","Bp.E1","L","04",3,0,10,5,6,0.134916057986455,"Jun-14"
"226","14-Jun-201711.prm",29.059,"Bp.E1.E.4.60-100.04",0.0827,0.024,12.9078,0.9961,0.2895,191.3905,"Bp","E","Bp.E1","E","04",4,60,100,80,7,0.0766154477714598,"Jun-14"
"227","14-Jun-201712.prm",26.701,"Bp.E1.E.3.60-100.04",0.0874,0.0233,12.7385,0.9879,0.2638,174.6569,"Bp","E","Bp.E1","E","04",3,60,100,80,8,0.0801274679271647,"Jun-14"
"228","14-Jun-201713.prm",28.928,"Bp.E1.E.4.60-100.04",0.0841,0.0243,12.9745,1.0116,0.2926,193.4607,"Bp","E","Bp.E1","E","04",4,60,100,80,9,0.0763083601611824,"Jun-14"
"229","14-Jun-201714.prm",26.745,"Bp.E1.E.3.60-100.04",0.0865,0.0231,12.6919,0.9744,0.2606,172.5971,"Bp","E","Bp.E1","E","04",3,60,100,80,10,0.0776862924747054,"Jun-14"
"230","14-Jun-201715.prm",29.472,"Bp.E1.E.4.0-10.04",0.1533,0.0452,17.9544,1.9819,0.5841,383.3446,"Bp","E","Bp.E1","E","04",4,0,10,5,11,0.136291162908172,"Jun-14"
"231","14-Jun-201716.prm",25.108,"Bp.E1.E.3.0-10.04",0.1654,0.0415,17.0821,2.5294,0.6351,416.564,"Bp","E","Bp.E1","E","04",3,0,10,5,12,0.145580259078853,"Jun-14"
"233","14-Jun-201718.prm",24.754,"Cr.N.2.60-100.16",0.0939,0.0232,12.7175,0.8423,0.2085,138.6505,"Cr","N","Cr.N",NA,"16",2,60,100,80,14,0.0810297553477719,"Jun-14"
"234","14-Jun-201719.prm",24.414,"Cr.N.1.60-100.16",0.1007,0.0246,13.0356,0.9039,0.2207,146.587,"Cr","N","Cr.N",NA,"16",1,60,100,80,15,0.0860552238737497,"Jun-14"
"235","14-Jun-201720.prm",27.13,"Cr.N.2.0-10.16",0.2167,0.0588,21.2059,2.0237,0.549,360.4992,"Cr","N","Cr.N",NA,"16",2,0,10,5,16,0.183407181783815,"Jun-14"
"236","14-Jun-201721.prm",26.716,"Cr.N.1.0-10.16",0.2136,0.0571,20.7914,1.974,0.5274,346.3875,"Cr","N","Cr.N",NA,"16",1,0,10,5,17,0.179064039555374,"Jun-14"
"238","14-Jun-201723.prm",25.894,"TM.N.2.60-100.16",0.0916,0.0237,12.8301,0.4578,0.1185,80.0512,"TM","N","TM.N",NA,"16",2,60,100,80,19,0.075356224719998,"Jun-14"
"239","14-Jun-201724.prm",27.096,"TM.N.1.60-100.16",0.0987,0.0267,13.5537,0.5509,0.1493,100.075,"TM","N","TM.N",NA,"16",1,60,100,80,20,0.0804463205380881,"Jun-14"
"240","14-Jun-201725.prm",25.362,"TM.N.2.0-10.16",0.1431,0.0363,15.8367,1.0894,0.2763,182.8192,"TM","N","TM.N",NA,"16",2,0,10,5,21,0.115566291458522,"Jun-14"
"241","14-Jun-201726.prm",28.651,"TM.N.1.0-10.16",0.1108,0.0317,14.7466,0.7847,0.2248,149.2935,"TM","N","TM.N",NA,"16",1,0,10,5,22,0.0886686863000722,"Jun-14"
"242","14-Jun-201727.prm",25.218,"Vg.N.B.1.0-10.16",0.3926,0.099,30.8078,5.0371,1.2703,830.3603,"Vg","N","Vg.N","B","16",1,0,10,5,23,0.311354810602868,"Jun-14"
"243","14-Jun-201728.prm",28.736,"Vg.N.B.2.0-10.16",0.3355,0.0964,30.1917,4.2149,1.2112,791.8752,"Vg","N","Vg.N","B","16",2,0,10,5,24,0.263698548967026,"Jun-14"
"244","14-Jun-201729.prm",25.6,"Vg.N.1.60-100.16",0.2034,0.0521,19.6013,2.2019,0.5637,370.0499,"Vg","N","Vg.N",NA,"16",1,60,100,80,25,0.158456708278334,"Jun-14"
"245","14-Jun-201730.prm",28.55,"Vg.N.2.60-100.16",0.1742,0.0497,19.0421,1.7956,0.5126,336.7958,"Vg","N","Vg.N",NA,"16",2,60,100,80,26,0.134519803691737,"Jun-14"
"246","14-Jun-201731.prm",29.457,"It.N.1.0-10.16",0.5364,0.158,44.8988,8.4219,2.4808,1619.0094,"It","N","It.N",NA,"16",1,0,10,5,27,0.410618556319848,"Jun-14"
"247","14-Jun-201732.prm",26.691,"It.N.3.0-10.16",0.6414,0.1712,48.0504,9.5187,2.5406,1657.9629,"It","N","It.N",NA,"16",3,0,10,5,28,0.486769373333793,"Jun-14"
"248","14-Jun-201733.prm",27.221,"It.N.A.5.60-100.16",0.1448,0.0394,16.5795,1.3281,0.3615,238.3379,"It","N","It.N","A","16",5,60,100,80,29,0.108953086065582,"Jun-14"
"249","14-Jun-201734.prm",26.568,"It.N.B.5.60-100.16",0.1292,0.0343,15.3631,0.9947,0.2643,174.986,"It","N","It.N","B","16",5,60,100,80,30,0.0963921843527523,"Jun-14"
"250","14-Jun-201735.prm",26.293,"BO.P.2.60-100.16",0.1536,0.0404,16.8124,0.7055,0.1855,123.6606,"BO","P","BO.P",NA,"16",2,60,100,80,31,0.113634439564774,"Jun-14"
"252","14-Jun-201737.prm",28.034,"BO.P.1.60-100.16",0.1301,0.0365,15.8789,0.5772,0.1618,108.245,"BO","P","BO.P",NA,"16",1,60,100,80,33,0.0946599426435768,"Jun-14"
"253","14-Jun-201738.prm",29.202,"BO.P.2.0-10.16",0.2159,0.063,22.2227,1.7898,0.5227,343.3164,"BO","P","BO.P",NA,"16",2,0,10,5,34,0.155801384332735,"Jun-14"
"254","14-Jun-201739.prm",26.99,"BO.P.1.0-10.16",0.2297,0.062,21.9689,1.8459,0.4982,327.3876,"BO","P","BO.P",NA,"16",1,0,10,5,35,0.16441389043811,"Jun-14"
"255","14-Jun-201740.prm",25.603,"JP.N.2.60-100.16",0.0992,0.0254,13.2298,0.3803,0.0974,66.2555,"JP","N","JP.N",NA,"16",2,60,100,80,36,0.0704330774291063,"Jun-14"
"256","14-Jun-201741.prm",26.259,"JP.N.1.60-100.16",0.112,0.0294,14.1897,0.347,0.0911,62.1906,"JP","N","JP.N",NA,"16",1,60,100,80,37,0.0788857715368534,"Jun-14"
"257","14-Jun-201742.prm",28.12,"JP.N.2.0-10.16",0.1115,0.0313,14.6524,0.4934,0.1388,93.2145,"JP","N","JP.N",NA,"16",2,0,10,5,38,0.0779110248548378,"Jun-14"
"258","043.prm",26.132,"JP.N.1.0-10.16",0.1137,0.0297,14.2643,0.5878,0.1536,102.8839,"JP","N","JP.N",NA,"16",1,0,10,5,39,0.0788234072506052,"NA-043.prm"
"260","14-Jun-201745.prm",26.921,"Cr.N.1.0-10.16",0.2286,0.0615,21.8639,1.9768,0.5322,349.5166,"Cr","N","Cr.N",NA,"16",1,0,10,5,41,0.156024402035169,"Jun-14"
"261","14-Jun-201746.prm",28.629,"Cr.N.1.0-10.16",0.2239,0.0641,22.4759,1.9488,0.5579,366.2885,"Cr","N","Cr.N",NA,"16",1,0,10,5,42,0.151642327174019,"Jun-14"
"262","14-Jun-201747.prm",29.239,"TM.N.1.0-10.16",0.1213,0.0355,15.6334,0.8667,0.2534,167.9079,"TM","N","TM.N",NA,"16",1,0,10,5,43,0.0815272581377572,"Jun-14"
"263","14-Jun-201748.prm",24.93,"TM.N.1.0-10.16",0.1501,0.0374,16.1042,0.8494,0.2117,140.7698,"TM","N","TM.N",NA,"16",1,0,10,5,44,0.100120652111242,"Jun-14"
"268","29-Jun-20175.prm",26.818,"Bp.E1.L.2.0-10.16",0.1117,0.03,9.8408,1.7285,0.4635,227.7398,"Bp","E","Bp.E1","L","16",2,0,10,5,1,0.1117,"Jun-29"
"269","29-Jun-20176.prm",28.835,"Bp.E1.T.2.0-10.16",0.1521,0.0439,12.3366,2.6667,0.7689,376.8733,"Bp","E","Bp.E1","T","16",2,0,10,5,2,0.1521,"Jun-29"
"270","29-Jun-20177.prm",28.132,"Bp.E1.Ee1.2.0-10.16",0.1533,0.0431,12.2034,2.6979,0.759,372.0023,"Bp","E","Bp.E1","Ee1","16",2,0,10,5,3,0.1533,"Jun-29"
"271","29-Jun-20178.prm",28.719,"Bp.E1.Ee2.2.0-10.16",0.1311,0.0376,11.2193,2.3581,0.6772,332.0814,"Bp","E","Bp.E1","Ee2","16",2,0,10,5,4,0.1311,"Jun-29"
"272","29-Jun-20179.prm",29.395,"Bp.E1.Ee1.3.0-10.16",0.1302,0.0383,11.3328,2.1379,0.6284,308.257,"Bp","E","Bp.E1","Ee1","16",3,0,10,5,5,0.1302,"Jun-29"
"273","29-Jun-201710.prm",26.506,"Bp.E1.Ee2.3.0-10.16",0.1485,0.0394,11.5258,2.4238,0.6425,315.1084,"Bp","E","Bp.E1","Ee2","16",3,0,10,5,6,0.1485,"Jun-29"
"274","29-Jun-201711.prm",26.506,"Bp.E1.L.3.0-10.16",0.1075,0.0285,9.5771,1.9244,0.5101,250.4704,"Bp","E","Bp.E1","L","16",3,0,10,5,7,0.1075,"Jun-29"
"276","29-Jun-201713.prm",29.574,"Bp.E1.T.3.0-10.16",0.1203,0.0356,10.8503,2.0169,0.5965,292.6635,"Bp","E","Bp.E1","T","16",3,0,10,5,9,0.1203,"Jun-29"
"277","29-Jun-201714.prm",29.574,"Bp.E1.L.2.0-10.16",0.1003,0.0297,9.7896,1.8899,0.5589,274.308,"Bp","E","Bp.E1","L","16",2,0,10,5,10,0.1003,"Jun-29"
"278","29-Jun-201715.prm",26.416,"Bp.E1.Ee1.3.0-10.16",0.1257,0.0332,10.4209,2.1514,0.5683,278.9024,"Bp","E","Bp.E1","Ee1","16",3,0,10,5,11,0.1257,"Jun-29"
"279","29-Jun-201716.prm",28.694,"Bp.E1.L.3.0-10.16",0.1007,0.0289,9.6479,1.7713,0.5083,249.581,"Bp","E","Bp.E1","L","16",3,0,10,5,12,0.1007,"Jun-29"
"280","29-Jun-201717.prm",29.913,"Bp.E1.Ee1.2.0-10.16",0.1481,0.0443,12.413,2.7384,0.8191,401.3935,"Bp","E","Bp.E1","Ee1","16",2,0,10,5,13,0.1481,"Jun-29"
"282","29-Jun-201719.prm",28.898,"Bp.E1.L.1.0-10.16",0.135,0.039,11.4645,2.452,0.7086,347.4054,"Bp","E","Bp.E1","L","16",1,0,10,5,15,0.135,"Jun-29"
"283","29-Jun-201720.prm",27.397,"Bp.E1.T.1.0-10.16",0.1119,0.0307,9.9659,2.1049,0.5767,282.9837,"Bp","E","Bp.E1","T","16",1,0,10,5,16,0.1119,"Jun-29"
"284","29-Jun-201721.prm",27.236,"Bp.E1.Ee1.1.0-10.16",0.1243,0.0339,10.5404,2.1574,0.5876,288.3151,"Bp","E","Bp.E1","Ee1","16",1,0,10,5,17,0.1243,"Jun-29"
"285","29-Jun-201722.prm",28.668,"Bp.E1.Ee2.1.0-10.16",0.1402,0.0402,11.6744,2.5832,0.7406,363.0165,"Bp","E","Bp.E1","Ee2","16",1,0,10,5,18,0.1402,"Jun-29"
"286","29-Jun-201723.prm",26.365,"Bp.E1.T.4.0-10.16",0.1264,0.0333,10.4429,2.4662,0.6502,318.8918,"Bp","E","Bp.E1","T","16",4,0,10,5,19,0.1264,"Jun-29"
"287","29-Jun-201724.prm",28.258,"Bp.E1.Ee1.4.0-10.16",0.1434,0.0405,11.736,2.6747,0.7558,370.4652,"Bp","E","Bp.E1","Ee1","16",4,0,10,5,20,0.1434,"Jun-29"
"288","29-Jun-201725.prm",29.165,"Bp.E1.Ee2.4.0-10.16",0.1674,0.0488,13.2236,3.0684,0.8949,438.3853,"Bp","E","Bp.E1","Ee2","16",4,0,10,5,21,0.1674,"Jun-29"
"289","29-Jun-201726.prm",26.321,"Bp.E1.L.4.0-10.16",0.1465,0.0386,11.3824,2.6115,0.6874,337.0373,"Bp","E","Bp.E1","L","16",4,0,10,5,22,0.1465,"Jun-29"
"290","29-Jun-201727.prm",28.309,"Bp.E1.T.1.20-40.16",0.0843,0.0239,8.7456,1.6252,0.4601,226.0423,"Bp","E","Bp.E1","T","16",1,20,40,30,23,0.0843,"Jun-29"
"291","29-Jun-201728.prm",29.789,"Bp.E1.Ee2.1.20-40.16",0.0925,0.0275,9.407,1.7419,0.5189,254.7627,"Bp","E","Bp.E1","Ee2","16",1,20,40,30,24,0.0925,"Jun-29"
"292","29-Jun-201729.prm",29.792,"Bp.E1.Ee1.1.20-40.16",0.0838,0.025,8.9458,1.7052,0.508,249.451,"Bp","E","Bp.E1","Ee1","16",1,20,40,30,25,0.0838,"Jun-29"
"293","29-Jun-201730.prm",28.72,"Bp.E1.L.1.20-40.16",0.0991,0.0285,9.5735,1.7584,0.505,247.9896,"Bp","E","Bp.E1","L","16",1,20,40,30,26,0.0991,"Jun-29"
"295","29-Jun-201732.prm",28.837,"Bp.E1.T.4.20-40.16",0.0853,0.0246,8.8808,1.51,0.4354,214.014,"Bp","E","Bp.E1","T","16",4,20,40,30,28,0.0839463725096859,"Jun-29"
"296","29-Jun-201733.prm",26.961,"Bp.E1.L.4.20-40.16",0.1006,0.0271,9.3334,1.6869,0.4548,223.4762,"Bp","E","Bp.E1","L","16",4,20,40,30,29,0.0974570288522354,"Jun-29"
"297","29-Jun-201734.prm",26.508,"Bp.E1.Ee2.4.20-40.16",0.0957,0.0254,9.0156,1.5385,0.4078,200.5333,"Bp","E","Bp.E1","Ee2","16",4,20,40,30,30,0.0912841543682424,"Jun-29"
"298","29-Jun-201735.prm",29.118,"Bp.E1.Ee1.4.20-40.16",0.1013,0.0295,9.7587,1.7289,0.5034,247.2103,"Bp","E","Bp.E1","Ee1","16",4,20,40,30,31,0.0951620809921653,"Jun-29"
"299","29-Jun-201736.prm",27.624,"Bp.E1.Ee2.3.20-40.16",0.1023,0.0283,9.538,1.6849,0.4654,228.666,"Bp","E","Bp.E1","Ee2","16",3,20,40,30,32,0.0946674783494793,"Jun-29"
"300","29-Jun-201737.prm",27.951,"Bp.E1.Ee1.3.20-40.16",0.1618,0.0452,12.5804,1.7395,0.4862,238.8027,"Bp","E","Bp.E1","Ee1","16",3,20,40,30,33,0.147526858346752,"Jun-29"
"301","29-Jun-201738.prm",29.305,"Bp.E1.T.3.20-40.16",0.1598,0.0468,12.8676,1.6095,0.4717,231.7004,"Bp","E","Bp.E1","T","16",3,20,40,30,34,0.14359213118477,"Jun-29"
"302","29-Jun-201739.prm",28.087,"Bp.E1.L.3.20-40.16",0.1651,0.0464,12.7866,1.6519,0.464,227.9488,"Bp","E","Bp.E1","L","16",3,20,40,30,35,0.146235702598268,"Jun-29"
"303","29-Jun-201740.prm",26.153,"Bp.E1.Ee2.2.20-40.16",0.1349,0.0353,10.7942,1.7112,0.4475,219.9208,"Bp","E","Bp.E1","Ee2","16",2,20,40,30,36,0.117803818874726,"Jun-29"
"304","29-Jun-201741.prm",27.633,"Bp.E1.Ee1.2.20-40.16",0.1387,0.0383,11.3414,1.7234,0.4762,233.9286,"Bp","E","Bp.E1","Ee1","16",2,20,40,30,37,0.119440353499892,"Jun-29"
"305","29-Jun-201742.prm",29.34,"Bp.E1.T.2.20-40.16",0.1247,0.0366,11.0297,1.6197,0.4752,233.4423,"Bp","E","Bp.E1","T","16",2,20,40,30,38,0.105913670484005,"Jun-29"
"306","29-Jun-201743.prm",26.334,"Bp.E1.L.2.20-40.16",0.123,0.0324,10.2772,1.5746,0.4147,203.8667,"Bp","E","Bp.E1","L","16",2,20,40,30,39,0.103058327955471,"Jun-29"
"307","29-Jun-201744.prm",28.475,"Bp.E1.L.1.20-40.16",0.1461,0.0416,11.9284,1.8503,0.5269,258.6634,"Bp","E","Bp.E1","L","16",1,20,40,30,40,0.120781353944497,"Jun-29"
"311","29-Jun-201748.prm",27.374,"Bp.E1.Ee1.1.20-40.16",0.1478,0.0404,11.7223,1.8151,0.4969,244.0122,"Bp","E","Bp.E1","Ee1","16",1,20,40,30,44,0.11600132047024,"Jun-29"
"316","23-Oct-2017509_36.prm",27.044,"It.N.4.0-10.04",0.4166,0.1127,33.6199,6.2054,1.6782,1080.7721,"It","N","It.N",NA,"04",4,0,10,5,1,0.422510432990041,"Oct-23"
"317","23-Oct-2017609_42.prm",26.132,"It.N.3.10-20.04",0.3088,0.0807,27.2877,4.6406,1.2127,782.7457,"It","N","It.N",NA,"04",3,10,20,15,2,0.317688181507082,"Oct-23"
"318","23-Oct-2017709_48.prm",27.302,"It.N.4.10-20.04",0.2075,0.0567,22.5211,3.3206,0.9066,586.7764,"It","N","It.N",NA,"04",4,10,20,15,3,0.216589511358359,"Oct-23"
"320","23-Oct-2017909_59.prm",26.67,"JP.E1.4.10-20.16",0.136,0.0363,10.1157,0.7713,0.2057,138.0707,"JP","E","JP.E1",NA,"16",4,10,20,15,5,0.146227789462928,"Oct-23"
"322","23-Oct-20171110_11.prm",26.584,"JP.E1.2.10-20.16",0.1357,0.0361,10.0601,0.6716,0.1785,120.6772,"JP","E","JP.E1",NA,"16",2,10,20,15,7,0.150430436495866,"Oct-23"
"323","23-Oct-20171210_16.prm",27.22,"JP.E1.1.10-20.16",0.1423,0.0387,10.802,0.9389,0.2556,169.993,"JP","E","JP.E1",NA,"16",1,10,20,15,8,0.160231645298697,"Oct-23"
"324","23-Oct-20171310_22.prm",29.194,"Bp.E1.Ee1.4.10-20.16",0.0807,0.0235,15.9594,2.1186,0.6185,402.3582,"Bp","E","Bp.E1","Ee1","16",4,10,20,15,9,0.0923234911283286,"Oct-23"
"325","23-Oct-20171410_28.prm",29.334,"Bp.E1.T.4.10-20.16",0.0751,0.022,15.6581,1.7548,0.5148,335.9355,"Bp","E","Bp.E1","T","16",4,10,20,15,10,0.0873142560011613,"Oct-23"
"326","23-Oct-20171510_34.prm",28.944,"Bp.E1.Ee2.4.10-20.16",0.0721,0.0209,15.4257,1.8563,0.5373,350.3586,"Bp","E","Bp.E1","Ee2","16",4,10,20,15,11,0.0852122270742358,"Oct-23"
"327","23-Oct-20171610_39.prm",29.087,"Bp.E1.L.4.10-20.16",0.0741,0.0216,15.5668,2.042,0.594,386.6339,"Bp","E","Bp.E1","L","16",4,10,20,15,12,0.0890481731882484,"Oct-23"
"328","23-Oct-20171710_45.prm",29.571,"JP.E1.3.10-20.16",0.1204,0.0356,9.9331,1.0244,0.3029,200.3065,"JP","E","JP.E1",NA,"16",3,10,20,15,13,0.147162175332902,"Oct-23"
"329","23-Oct-20171810_51.prm",29.312,"Bp.E1.Ee1.3.10-20.16",0.074,0.0217,15.5933,1.9216,0.5633,366.9828,"Bp","E","Bp.E1","Ee1","16",3,10,20,15,14,0.0920219266585483,"Oct-23"
"330","23-Oct-20171910_56.prm",28.57,"Bp.E1.Ee2.3.10-20.16",0.0675,0.0193,15.117,1.7729,0.5065,330.6621,"Bp","E","Bp.E1","Ee2","16",3,10,20,15,15,0.0854249447700625,"Oct-23"
"331","23-Oct-20172011_02.prm",25.998,"Bp.E1.L.3.10-20.16",0.0481,0.0125,13.7693,1.775,0.4615,301.8163,"Bp","E","Bp.E1","L","16",3,10,20,15,16,0.061970283014338,"Oct-23"
"332","23-Oct-20172111_08.prm",28.418,"Bp.E1.T.3.10-20.16",0.0669,0.019,15.058,1.8181,0.5167,337.1586,"Bp","E","Bp.E1","T","16",3,10,20,15,17,0.087773432018958,"Oct-23"
"334","23-Oct-20172311_19.prm",29.703,"Bp.E1.Ee2.2.10-20.16",0.055,0.0163,14.528,1.6229,0.482,314.9829,"Bp","E","Bp.E1","Ee2","16",2,10,20,15,19,0.0749102496663987,"Oct-23"
"339","02-Aug-2017510_26.prm",28.833,"Eu.E2.Ee1.2.10-20.16",0.0703,0.0203,10.2753,1.3552,0.3907,263.4954,"Eu","E","Eu.E2","Ee1","16",2,10,20,15,1,0.0703,"Aug-02"
"340","02-Aug-2017610_32.prm",26.763,"Eu.E2.Ee2.2.10-20.16",0.0656,0.0176,9.6324,1.2266,0.3283,222.5302,"Eu","E","Eu.E2","Ee2","16",2,10,20,15,2,0.0656,"Aug-02"
"341","02-Aug-2017710_38.prm",25.643,"Eu.E2.T.2.10-20.16",0.0713,0.0183,9.8043,1.3313,0.3414,231.1383,"Eu","E","Eu.E2","T","16",2,10,20,15,3,0.0713,"Aug-02"
"342","02-Aug-2017810_44.prm",26.079,"Eu.E2.L.2.10-20.16",0.1004,0.0262,11.6783,1.9954,0.5204,348.5083,"Eu","E","Eu.E2","L","16",2,10,20,15,4,0.1004,"Aug-02"
"344","02-Aug-20171010_55.prm",28.539,"Eu.E2.T.3.10-20.16",0.1104,0.0315,12.9466,2.1331,0.6088,406.4622,"Eu","E","Eu.E2","T","16",3,10,20,15,6,0.1104,"Aug-02"
"345","02-Aug-20171111_01.prm",26.145,"Eu.E2.L.3.10-20.16",0.072,0.0188,9.935,1.7015,0.4449,298.9794,"Eu","E","Eu.E2","L","16",3,10,20,15,7,0.072,"Aug-02"
"346","02-Aug-20171211_06.prm",26.723,"Eu.E2.Ee1.3.10-20.16",0.0902,0.0241,11.1892,1.8202,0.4864,326.2407,"Eu","E","Eu.E2","Ee1","16",3,10,20,15,8,0.0902,"Aug-02"
"347","02-Aug-20171311_12.prm",26.334,"Eu.E2.Ee2.3.10-20.16",0.0608,0.016,9.2625,1.2052,0.3174,215.3899,"Eu","E","Eu.E2","Ee2","16",3,10,20,15,9,0.0608,"Aug-02"
"348","02-Aug-20171411_18.prm",26.65,"Eu.E2.L.1.10-20.16",0.0858,0.0229,10.8916,2.1358,0.5692,380.5134,"Eu","E","Eu.E2","L","16",1,10,20,15,10,0.0858,"Aug-02"
"349","02-Aug-20171511_24.prm",25.803,"Eu.E2.T.1.10-20.16",0.0687,0.0177,9.6712,1.6885,0.4357,292.9632,"Eu","E","Eu.E2","T","16",1,10,20,15,11,0.0687,"Aug-02"
"352","02-Aug-20171811_41.prm",27.778,"JP.E1.L.1.0-10.16",0.0299,0.0083,7.4359,0.8335,0.2315,159.1008,"JP","E","JP.E1","L","16",1,0,10,5,14,0.0299,"Aug-02"
"353","02-Aug-20171911_47.prm",26.698,"JP.E1.Ee2.1.0-10.16",0.0644,0.0172,9.5419,1.5293,0.4083,275.0068,"JP","E","JP.E1","Ee2","16",1,0,10,5,15,0.0644,"Aug-02"
"354","02-Aug-20172011_52.prm",25.313,"JP.E1.Ee1.1.0-10.16",0.0397,0.01,7.8456,1.0559,0.2673,182.5308,"JP","E","JP.E1","Ee1","16",1,0,10,5,16,0.0397,"Aug-02"
"355","02-Aug-20172111_58.prm",26.461,"JP.E1.T.1.0-10.16",0.0292,0.0077,7.2946,0.6527,0.1727,120.5135,"JP","E","JP.E1","T","16",1,0,10,5,17,0.0292,"Aug-02"
"356","02-Aug-20172212_04.prm",26.616,"JP.E1.1.10-20.16",0.0416,0.0111,8.0884,0.8592,0.2287,157.2196,"JP","E","JP.E1",NA,"16",1,10,20,15,18,0.0416,"Aug-02"
"357","02-Aug-20172312_09.prm",27.171,"JP.E1.T.2.0-10.16",0.0321,0.0087,7.5321,0.9997,0.2716,185.3886,"JP","E","JP.E1","T","16",2,0,10,5,19,0.0321,"Aug-02"
"358","02-Aug-20172412_15.prm",27.755,"JP.E1.L.2.0-10.16",0.0529,0.0147,8.9475,1.3606,0.3776,254.9029,"JP","E","JP.E1","L","16",2,0,10,5,20,0.0529,"Aug-02"
"359","02-Aug-20172512_21.prm",27.759,"JP.E1.Ee2.2.0-10.16",0.0586,0.0163,9.3254,1.3779,0.3825,258.0858,"JP","E","JP.E1","Ee2","16",2,0,10,5,21,0.0586,"Aug-02"
"360","02-Aug-20172612_27.prm",26.918,"JP.E1.Ee1.2.0-10.16",0.0498,0.0134,8.6471,1.4483,0.3899,262.9123,"JP","E","JP.E1","Ee1","16",2,0,10,5,22,0.0498,"Aug-02"
"361","02-Aug-20172712_32.prm",27.408,"JP.E1.2.10-20.16",0.0299,0.0082,7.4062,0.6693,0.1834,127.5587,"JP","E","JP.E1",NA,"16",2,10,20,15,23,0.0299,"Aug-02"
"362","02-Aug-20172812_38.prm",26.096,"JP.E1.T.3.0-10.16",0.0609,0.0159,9.2359,1.6559,0.4321,290.6313,"JP","E","JP.E1","T","16",3,0,10,5,24,0.0609,"Aug-02"
"363","02-Aug-20172912_44.prm",27.936,"JP.E1.Ee1.3.0-10.16",0.053,0.0148,8.9796,1.4338,0.4005,269.9271,"JP","E","JP.E1","Ee1","16",3,0,10,5,25,0.053,"Aug-02"
"366","02-Aug-20173213_01.prm",28.029,"JP.E1.Ee2.3.0-10.16",0.0473,0.0133,8.6081,1.2772,0.358,242.0205,"JP","E","JP.E1","Ee2","16",3,0,10,5,28,0.0473,"Aug-02"
"367","02-Aug-20173313_07.prm",26.008,"JP.E1.L.3.0-10.16",0.0317,0.0082,7.4162,0.6889,0.1792,124.7617,"JP","E","JP.E1","L","16",3,0,10,5,29,0.0317,"Aug-02"
"368","02-Aug-20173413_13.prm",27.247,"JP.E1.3.10-20.16",0.0367,0.01,7.837,0.9381,0.2556,174.8754,"JP","E","JP.E1",NA,"16",3,10,20,15,30,0.0367,"Aug-02"
"369","02-Aug-20173513_18.prm",26.469,"JP.E1.T.4.0-10.16",0.0411,0.0109,8.041,1.0002,0.2648,180.8791,"JP","E","JP.E1","T","16",4,0,10,5,31,0.0411,"Aug-02"
"370","02-Aug-20173613_24.prm",28.169,"JP.E1.L.4.0-10.16",0.0317,0.0089,7.5791,0.8168,0.2301,158.1529,"JP","E","JP.E1","L","16",4,0,10,5,32,0.0317,"Aug-02"
"371","02-Aug-20173713_30.prm",28.327,"JP.E1.Ee1.4.0-10.16",0.0957,0.0271,11.9027,2.222,0.6294,420.0208,"JP","E","JP.E1","Ee1","16",4,0,10,5,33,0.0957,"Aug-02"
"372","02-Aug-20173813_36.prm",27.378,"JP.E1.Ee2.4.0-10.16",0.0414,0.0113,8.1528,0.9204,0.252,172.5039,"JP","E","JP.E1","Ee2","16",4,0,10,5,34,0.0414,"Aug-02"
"373","02-Aug-20173913_41.prm",28.025,"JP.E1.4.10-20.16",0.0311,0.0087,7.5329,0.8053,0.2257,155.2559,"JP","E","JP.E1",NA,"16",4,10,20,15,35,0.0311,"Aug-02"
"374","02-Aug-20174013_47.prm",27.188,"Bp.E1.T.1.10-20.16",0.1027,0.0279,12.0952,1.9936,0.542,362.7003,"Bp","E","Bp.E1","T","16",1,10,20,15,36,0.1027,"Aug-02"
"375","02-Aug-20174113_53.prm",29.754,"Bp.E1.Ee1.1.10-20.16",0.0992,0.0295,12.4715,1.905,0.5668,378.9549,"Bp","E","Bp.E1","Ee1","16",1,10,20,15,37,0.0992,"Aug-02"
"376","02-Aug-20174213_59.prm",25.518,"Bp.E1.Ee2.1.10-20.16",0.1043,0.0266,11.7842,1.9911,0.5081,340.4529,"Bp","E","Bp.E1","Ee2","16",1,10,20,15,38,0.1043,"Aug-02"
"377","02-Aug-20174314_05.prm",26.563,"Bp.E1.T.2.10-20.16",0.0958,0.0254,11.5035,1.9139,0.5084,340.6466,"Bp","E","Bp.E1","T","16",2,10,20,15,39,0.0958,"Aug-02"
"379","02-Aug-20174514_16.prm",28.734,"Bp.E1.L.2.10-20.16",0.0888,0.0255,11.5198,1.8091,0.5198,348.1466,"Bp","E","Bp.E1","L","16",2,10,20,15,41,0.0888,"Aug-02"
"380","02-Aug-20174614_22.prm",26.747,"Bp.E1.Ee1.2.10-20.16",0.0919,0.0246,11.2993,1.8204,0.4869,326.5544,"Bp","E","Bp.E1","Ee1","16",2,10,20,15,42,0.0919,"Aug-02"
"381","02-Aug-20174714_28.prm",28.532,"Bp.E1.Ee2.2.10-20.16",0.0945,0.027,11.8659,1.8465,0.5268,352.7455,"Bp","E","Bp.E1","Ee2","16",2,10,20,15,43,0.0945,"Aug-02"
"382","02-Aug-20174814_33.prm",25.627,"Bp.E1.T.3.10-20.16",0.0929,0.0238,11.1186,1.8488,0.4738,317.9586,"Bp","E","Bp.E1","T","16",3,10,20,15,44,0.0929,"Aug-02"
"383","02-Aug-20174914_39.prm",29.488,"Bp.E1.L.3.10-20.16",0.0928,0.0274,11.9623,1.8193,0.5365,359.0553,"Bp","E","Bp.E1","L","16",3,10,20,15,45,0.0928,"Aug-02"
"384","02-Aug-20175014_45.prm",27.791,"Bp.E1.Ee1.3.10-20.16",0.1036,0.0288,12.2999,1.9805,0.5504,368.1849,"Bp","E","Bp.E1","Ee1","16",3,10,20,15,46,0.1036,"Aug-02"
"385","02-Aug-20175114_51.prm",28.057,"Bp.E1.Ee2.3.10-20.16",0.0984,0.0276,12.0176,1.8073,0.5071,339.7833,"Bp","E","Bp.E1","Ee2","16",3,10,20,15,47,0.0984,"Aug-02"
"386","02-Aug-20175214_56.prm",26.405,"Bp.E1.Ee2.4.10-20.16",0.1012,0.0267,11.8105,1.8474,0.4878,327.1527,"Bp","E","Bp.E1","Ee2","16",4,10,20,15,48,0.1012,"Aug-02"
"387","02-Aug-20175315_02.prm",28.855,"Bp.E1.L.4.10-20.16",0.1091,0.0315,12.9378,2.0916,0.6035,403.0299,"Bp","E","Bp.E1","L","16",4,10,20,15,49,0.1091,"Aug-02"
"388","02-Aug-20175415_08.prm",28.905,"Bp.E1.T.4.10-20.16",0.095,0.0275,11.9837,1.8056,0.5219,349.5079,"Bp","E","Bp.E1","T","16",4,10,20,15,50,0.095,"Aug-02"
"389","02-Aug-20175515_14.prm",27.092,"Bp.E1.Ee1.4.10-20.16",0.1137,0.0308,12.7782,2.1963,0.595,397.4509,"Bp","E","Bp.E1","Ee1","16",4,10,20,15,51,0.1137,"Aug-02"
"391","02-Aug-20175715_58.prm",27.82,"Eu.E2.Ee2.1.10-20.16",0.0681,0.0189,9.9601,1.3797,0.3838,258.9746,"Eu","E","Eu.E2","Ee2","16",1,10,20,15,53,0.0681,"Aug-02"
"392","02-Aug-20175816_04.prm",28.605,"Eu.E2.Ee1.1.10-20.16",0.0688,0.0197,10.135,1.4764,0.4223,284.2134,"Eu","E","Eu.E2","Ee1","16",1,10,20,15,54,0.0688,"Aug-02"
"393","02-Aug-20175916_09.prm",27.046,"Eu.E2.Ee2.4.10-20.16",0.101,0.0273,11.9501,1.9434,0.5256,351.9351,"Eu","E","Eu.E2","Ee2","16",4,10,20,15,55,0.101,"Aug-02"
"394","02-Aug-20176016_15.prm",27.627,"Eu.E2.L.4.10-20.16",0.0782,0.0216,10.5904,1.5214,0.4203,282.8932,"Eu","E","Eu.E2","L","16",4,10,20,15,56,0.0782,"Aug-02"
"395","02-Aug-20176116_21.prm",26.937,"Eu.E2.Ee1.4.10-20.16",0.0674,0.0182,9.7733,1.2102,0.326,221.0445,"Eu","E","Eu.E2","Ee1","16",4,10,20,15,57,0.0674,"Aug-02"
"396","02-Aug-20176216_27.prm",25.594,"Eu.E2.T.4.10-20.16",0.0985,0.0252,11.4485,1.6449,0.421,283.3349,"Eu","E","Eu.E2","T","16",4,10,20,15,58,0.0985,"Aug-02"
"397","02-Aug-20176316_36.prm",27.58,"It.N.1.0-10.04",0.3966,0.1094,31.4476,6.2133,1.7136,1130.9771,"It","N","It.N",NA,"04",1,0,10,5,59,0.3966,"Aug-02"
"398","02-Aug-20176416_41.prm",26.515,"It.N.3.0-10.04",0.4449,0.118,33.4899,6.4786,1.7178,1133.7147,"It","N","It.N",NA,"04",3,0,10,5,60,0.4449,"Aug-02"
"399","02-Aug-20176516_47.prm",26.794,"It.N.2.10-20.04",0.2786,0.0747,23.1959,4.3544,1.1667,772.3474,"It","N","It.N",NA,"04",2,10,20,15,61,0.2786,"Aug-02"
"400","02-Aug-20176616_54.prm",24.231,"It.N.4.10-20.04",0.2171,0.0526,17.9556,3.1348,0.7596,505.3687,"It","N","It.N",NA,"04",4,10,20,15,62,0.2171,"Aug-02"
"406","28-Jul-2017510_23.prm",27.446,"Bp.E2.T.1.10-20.16",0.2112,0.058,18.577,4.0027,1.0986,674.9972,"Bp","E","Bp.E2","T","16",1,10,20,15,1,0.2112,"Jul-28"
"407","28-Jul-2017610_29.prm",26.641,"Bp.E2.L.1.10-20.16",0.1431,0.0381,14.3153,2.8975,0.7719,492.3722,"Bp","E","Bp.E2","L","16",1,10,20,15,2,0.1431,"Jul-28"
"408","28-Jul-2017710_35.prm",26.864,"Bp.E2.Ee1.1.10-20.16",0.1628,0.0437,15.5255,3.1399,0.8435,532.3903,"Bp","E","Bp.E2","Ee1","16",1,10,20,15,3,0.1628,"Jul-28"
"409","28-Jul-2017810_41.prm",26.521,"Bp.E2.Ee2.1.10-20.16",0.1402,0.0372,14.1139,2.6796,0.7107,458.1106,"Bp","E","Bp.E2","Ee2","16",1,10,20,15,4,0.1402,"Jul-28"
"411","28-Jul-20171010_55.prm",26.787,"Bp.E2.T.2.10-20.16",0.0856,0.0229,11.0582,2.1258,0.5694,379.1567,"Bp","E","Bp.E2","T","16",2,10,20,15,6,0.0856,"Jul-28"
"412","28-Jul-20171111_02.prm",26.987,"Bp.E2.L.2.10-20.16",0.0875,0.0236,11.2013,1.9548,0.5275,355.7361,"Bp","E","Bp.E2","L","16",2,10,20,15,7,0.0875,"Jul-28"
"413","28-Jul-20171211_08.prm",28.159,"Bp.E2.Ee1.2.10-20.16",0.1075,0.0303,12.6344,1.8221,0.5131,347.6582,"Bp","E","Bp.E2","Ee1","16",2,10,20,15,8,0.1075,"Jul-28"
"414","28-Jul-20171311_15.prm",27.735,"Bp.E2.Ee2.2.10-20.16",0.1038,0.0288,12.3147,1.6966,0.4705,323.8682,"Bp","E","Bp.E2","Ee2","16",2,10,20,15,9,0.1038,"Jul-28"
"415","28-Jul-20171411_22.prm",26.679,"Eu.E2.T.4.10-20.16",0.0571,0.0152,4.0285,1.2198,0.3254,242.7345,"Eu","E","Eu.E2","T","16",4,10,20,15,10,0.0571,"Jul-28"
"416","28-Jul-20171511_29.prm",27.079,"Eu.E2.L.4.10-20.16",0.0518,0.014,3.7092,1.1725,0.3175,238.3107,"Eu","E","Eu.E2","L","16",4,10,20,15,11,0.0518,"Jul-28"
"417","28-Jul-20171611_35.prm",27.432,"Eu.E2.Ee1.4.10-20.16",0.0387,0.0106,2.809,0.9667,0.2652,209.0512,"Eu","E","Eu.E2","Ee1","16",4,10,20,15,12,0.0387,"Jul-28"
"418","28-Jul-20171711_42.prm",27.3,"Eu.E2.Ee2.4.10-20.16",0.0557,0.0152,4.0226,1.3278,0.3625,263.4613,"Eu","E","Eu.E2","Ee2","16",4,10,20,15,13,0.0557,"Jul-28"
"419","28-Jul-20171812_03.prm",26.575,"Eu.E2.Ee1.1.10-20.16",0,0,0,0.7758,0.2062,176.055,"Eu","E","Eu.E2","Ee1","16",1,10,20,15,14,0,"Jul-28"
"423","07-Jul-20175.prm",26.109,"Vg.E.Ee1.1.0-10.16",0.3412,0.0891,20.4367,5.3762,1.4037,780.4496,"Vg","E","Vg.E","Ee1","16",1,0,10,5,1,0.3412,"Jul-07"
"424","07-Jul-20176.prm",28.229,"Vg.E.Ee2.1.0-10.16",0.3262,0.0921,21.0283,5.3263,1.5036,835.6905,"Vg","E","Vg.E","Ee2","16",1,0,10,5,2,0.3262,"Jul-07"
"425","07-Jul-20177.prm",25.891,"Vg.E.L.1.0-10.16",0.3452,0.0894,20.4963,5.2682,1.364,758.4902,"Vg","E","Vg.E","L","16",1,0,10,5,3,0.3452,"Jul-07"
"426","07-Jul-20178.prm",26.501,"Vg.E.T.1.0-10.16",0.3705,0.0982,22.2347,6.0337,1.599,888.4573,"Vg","E","Vg.E","T","16",1,0,10,5,4,0.3705,"Jul-07"
"427","07-Jul-20179.prm",27.393,"Vg.E.Ee1.2.0-10.16",0.3556,0.0974,22.0781,5.9744,1.6366,909.2471,"Vg","E","Vg.E","Ee1","16",2,0,10,5,5,0.3556,"Jul-07"
"428","07-Jul-201710.prm",27.263,"Vg.E.Ee2.2.0-10.16",0.2763,0.0753,17.7171,4.3119,1.1756,654.2925,"Vg","E","Vg.E","Ee2","16",2,0,10,5,6,0.2763,"Jul-07"
"429","07-Jul-201711.prm",25.866,"Vg.E.L.2.0-10.16",0.3003,0.0777,18.1842,4.6269,1.1968,666.0381,"Vg","E","Vg.E","L","16",2,0,10,5,7,0.3003,"Jul-07"
"430","07-Jul-201712.prm",28.263,"Vg.E.T.2.0-10.16",0.3907,0.1104,24.652,5.1386,1.4523,807.3493,"Vg","E","Vg.E","T","16",2,0,10,5,8,0.3907,"Jul-07"
"431","07-Jul-201713.prm",27.157,"Vg.E.Ee1.3.0-10.16",0.258,0.0701,16.6814,4.2825,1.163,647.3456,"Vg","E","Vg.E","Ee1","16",3,0,10,5,9,0.258,"Jul-07"
"432","07-Jul-201714.prm",27.637,"Vg.E.Ee2.3.0-10.16",0.2132,0.0589,14.4811,3.3386,0.9227,514.4389,"Vg","E","Vg.E","Ee2","16",3,0,10,5,10,0.2132,"Jul-07"
"433","07-Jul-201721.prm",27.949,"Vg.E.1.10-20.16",0.2891,0.0808,18.8008,4.4141,1.2337,686.4362,"Vg","E","Vg.E",NA,"16",1,10,20,15,11,0.2891,"Jul-07"
"434","07-Jul-201722.prm",26.59,"Vg.E.2.10-20.16",0.2622,0.0697,16.6104,3.9186,1.0419,580.3984,"Vg","E","Vg.E",NA,"16",2,10,20,15,12,0.2622,"Jul-07"
"435","07-Jul-201723.prm",26.304,"Vg.E.3.10-20.16",0.2119,0.0557,13.8508,3.2583,0.8571,478.1476,"Vg","E","Vg.E",NA,"16",3,10,20,15,13,0.2119,"Jul-07"
"436","07-Jul-201724.prm",26.349,"Vg.E.4.10-20.16",0.2401,0.0633,15.3354,3.8271,1.0084,561.8534,"Vg","E","Vg.E",NA,"16",4,10,20,15,14,0.2401,"Jul-07"
"437","07-Jul-201725.prm",26.974,"Vg.E.1.20-40.16",0.2224,0.06,14.6924,3.6255,0.978,545.006,"Vg","E","Vg.E",NA,"16",1,20,40,30,15,0.2224,"Jul-07"
"438","07-Jul-201726.prm",27.416,"Vg.E.2.20-40.16",0.2086,0.0572,14.1347,3.271,0.8968,500.1081,"Vg","E","Vg.E",NA,"16",2,20,40,30,16,0.2086,"Jul-07"
"439","07-Jul-201727.prm",27.772,"Vg.E.3.20-40.16",0.1781,0.0495,12.6112,2.8173,0.7824,436.8652,"Vg","E","Vg.E",NA,"16",3,20,40,30,17,0.1781,"Jul-07"
"440","07-Jul-201728.prm",27.535,"Vg.E.4.20-40.16",0.2094,0.0577,14.231,3.268,0.8998,501.8066,"Vg","E","Vg.E",NA,"16",4,20,40,30,18,0.2094,"Jul-07"
"442","07-Jul-201730.prm",27.689,"Vg.E.Ee1.1.40-60.16",0.2038,0.0564,13.9856,3.1561,0.8739,487.4546,"Vg","E","Vg.E","Ee1","16",1,40,60,50,20,0.2038,"Jul-07"
"443","07-Jul-201731.prm",26.511,"Vg.E.Ee2.1.40-60.16",0.1897,0.0503,12.7728,2.7935,0.7406,413.7425,"Vg","E","Vg.E","Ee2","16",1,40,60,50,21,0.1897,"Jul-07"
"444","07-Jul-201732.prm",26.11,"Vg.E.L.1.40-60.16",0.2319,0.0606,14.801,3.3734,0.8808,491.2805,"Vg","E","Vg.E","L","16",1,40,60,50,22,0.2319,"Jul-07"
"445","07-Jul-201733.prm",26.218,"Vg.E.T.1.40-60.16",0.2025,0.0531,13.3275,3.1231,0.8188,456.9928,"Vg","E","Vg.E","T","16",1,40,60,50,23,0.2025,"Jul-07"
"446","07-Jul-201734.prm",27.771,"Vg.E.T.2.40-60.16",0.1912,0.0531,13.3316,2.6861,0.746,416.7057,"Vg","E","Vg.E","T","16",2,40,60,50,24,0.1912,"Jul-07"
"447","07-Jul-201735.prm",27.695,"Vg.E.L.2.40-60.16",0.1427,0.0395,10.6458,2.2782,0.6309,353.0983,"Vg","E","Vg.E","L","16",2,40,60,50,25,0.1427,"Jul-07"
"448","07-Jul-201736.prm",29.146,"Vg.E.Ee1.2.40-60.16",0.1736,0.0506,12.8363,2.5418,0.7408,413.8732,"Vg","E","Vg.E","Ee1","16",2,40,60,50,26,0.1736,"Jul-07"
"449","07-Jul-201737.prm",29.414,"Vg.E.Ee2.2.40-60.16",0.1469,0.0432,11.3744,2.0973,0.6169,345.3373,"Vg","E","Vg.E","Ee2","16",2,40,60,50,27,0.1469,"Jul-07"
"450","07-Jul-201738.prm",26.989,"Vg.E.L.4.40-60.16",0.1702,0.0459,11.9122,2.4241,0.6542,365.9779,"Vg","E","Vg.E","L","16",4,40,60,50,28,0.1702,"Jul-07"
"451","07-Jul-201739.prm",26.146,"Vg.E.Ee2.4.40-60.16",0.1721,0.045,11.7313,2.4838,0.6494,363.3094,"Vg","E","Vg.E","Ee2","16",4,40,60,50,29,0.1721,"Jul-07"
"452","07-Jul-201740.prm",28.7,"Vg.E.T.4.40-60.16",0.1701,0.0488,12.4822,2.3268,0.6678,373.4719,"Vg","E","Vg.E","T","16",4,40,60,50,30,0.1701,"Jul-07"
"453","07-Jul-201741.prm",27.805,"Vg.E.Ee1.4.40-60.16",0.2016,0.0561,13.9133,3.0578,0.8502,474.3707,"Vg","E","Vg.E","Ee1","16",4,40,60,50,31,0.2016,"Jul-07"
"455","07-Jul-201743.prm",27.194,"Vg.E.1.60-100.16",0.1586,0.0431,11.3626,2.201,0.5985,335.1832,"Vg","E","Vg.E",NA,"16",1,60,100,80,33,0.1586,"Jul-07"
"456","07-Jul-201744.prm",26.973,"Vg.E.4.60-100.16",0.1338,0.0361,9.9708,1.9531,0.5268,295.5056,"Vg","E","Vg.E",NA,"16",4,60,100,80,34,0.1338,"Jul-07"
"457","07-Jul-201745.prm",29.983,"Vg.E.2.60-100.16",0.1323,0.0397,10.6756,1.9451,0.5832,326.7006,"Vg","E","Vg.E",NA,"16",2,60,100,80,35,0.1323,"Jul-07"
"458","07-Jul-201746.prm",26.006,"Vg.E.3.60-100.16",0.1212,0.0315,9.0692,1.7697,0.4602,258.6848,"Vg","E","Vg.E",NA,"16",3,60,100,80,36,0.1212,"Jul-07"
"459","07-Jul-201749.prm",27.896,"Vg.E.3.20-40.04",0.2888,0.0806,18.7555,4.223,1.178,655.6634,"Vg","E","Vg.E",NA,"04",3,20,40,30,37,0.2888,"Jul-07"
"460","07-Jul-201750.prm",28.776,"Vg.E.4.20-40.04",0.2343,0.0674,16.1604,3.5886,1.0326,575.2521,"Vg","E","Vg.E",NA,"04",4,20,40,30,38,0.2343,"Jul-07"
"461","07-Jul-201751.prm",28.776,"Vg.E.3.0-10.04",0.313,0.0901,20.6311,4.8042,1.3825,768.7112,"Vg","E","Vg.E",NA,"04",3,0,10,5,39,0.313,"Jul-07"
"462","07-Jul-201752.prm",29.339,"Vg.E.4.0-10.04",0.2911,0.0854,19.7087,4.4462,1.3045,725.5872,"Vg","E","Vg.E",NA,"04",4,0,10,5,40,0.2911,"Jul-07"
"463","07-Jul-201753.prm",29.358,"Vg.N.3.0-10.04",0.4997,0.1467,31.8173,6.6232,1.9444,1079.4958,"Vg","N","Vg.N",NA,"04",3,0,10,5,41,0.4997,"Jul-07"
"464","07-Jul-201754.prm",28.769,"Vg.N.4.0-10.04",0.4653,0.1339,29.2792,6.0799,1.7491,971.4868,"Vg","N","Vg.N",NA,"04",4,0,10,5,42,0.4653,"Jul-07"
"466","07-Jul-201756.prm",25.36,"Vg.E.3.60-100.04",0.1233,0.0313,9.0198,1.9342,0.4905,275.4342,"Vg","E","Vg.E",NA,"04",3,60,100,80,44,0.1233,"Jul-07"
"467","07-Jul-201757.prm",29.541,"Vg.E.4.60-100.04",0.1183,0.035,9.747,1.846,0.5453,305.752,"Vg","E","Vg.E",NA,"04",4,60,100,80,45,0.1183,"Jul-07"
"472","20-Jul-2017511_45.prm",25.196,"It.E1.T.1.0-10.16",0.2288,0.0577,25.5859,5.4028,1.3613,911.2937,"It","E","It.E1","T","16",1,0,10,5,1,0.2288,"Jul-20"
"473","20-Jul-2017611_51.prm",25.335,"It.E1.T.3.0-10.04",0.2079,0.0527,24.4372,4.8516,1.2292,824.044,"It","E","It.E1","T","04",3,0,10,5,2,0.2079,"Jul-20"
"474","20-Jul-2017711_57.prm",28.744,"Vg.N.C.3.0-10.16",0.3849,0.1106,37.8216,5.4613,1.5698,1048.9842,"Vg","N","Vg.N","C","16",3,0,10,5,3,0.3849,"Jul-20"
"476","20-Jul-2017912_08.prm",27.375,"Eu.E2.L.1.0-10.16",0.0364,0.01,14.5729,0.9034,0.2473,175.7016,"Eu","E","Eu.E2","L","16",1,0,10,5,5,0.0364,"Jul-20"
"477","20-Jul-20171012_14.prm",26.043,"Eu.E2.Ee2.1.0-10.16",0.0614,0.016,15.9646,1.38,0.3594,249.7194,"Eu","E","Eu.E2","Ee2","16",1,0,10,5,6,0.0614,"Jul-20"
"478","20-Jul-20171112_20.prm",26.766,"Eu.E2.T.1.0-10.16",0.0432,0.0116,14.9375,1.1758,0.3147,220.2153,"Eu","E","Eu.E2","T","16",1,0,10,5,7,0.0432,"Jul-20"
"479","20-Jul-20171212_25.prm",27.745,"Eu.E2.Ee1.1.0-10.16",0.0832,0.0231,17.6025,1.8377,0.5099,349.0751,"Eu","E","Eu.E2","Ee1","16",1,0,10,5,8,0.0832,"Jul-20"
"481","20-Jul-20171412_37.prm",27.308,"Bp.E2.Ee1.1.0-10.16",0.1483,0.0405,21.6238,3.1085,0.8489,572.9257,"Bp","E","Bp.E2","Ee1","16",1,0,10,5,10,0.1483,"Jul-20"
"482","20-Jul-20171512_42.prm",26.913,"Bp.E2.L.1.0-10.16",0.1199,0.0323,19.7242,2.8533,0.7679,519.4786,"Bp","E","Bp.E2","L","16",1,0,10,5,11,0.1199,"Jul-20"
"483","20-Jul-20171612_48.prm",26.73,"Bp.E2.Ee2.1.0-10.16",0.144,0.0385,21.1565,3.2457,0.8676,585.2858,"Bp","E","Bp.E2","Ee2","16",1,0,10,5,12,0.144,"Jul-20"
"484","20-Jul-20171712_54.prm",26.017,"Bp.E2.T.2.0-10.16",0.0758,0.0197,16.8254,1.798,0.4678,321.2887,"Bp","E","Bp.E2","T","16",2,0,10,5,13,0.0758,"Jul-20"
"485","20-Jul-20171813_00.prm",25.385,"Bp.E2.T.1.40-60.16",0.0737,0.0187,16.5874,1.9242,0.4884,334.938,"Bp","E","Bp.E2","T","16",1,40,60,50,14,0.0737,"Jul-20"
"486","20-Jul-20171913_05.prm",27.135,"Bp.E2.L.1.40-60.16",0.0888,0.0241,17.8346,2.2179,0.6018,409.7988,"Bp","E","Bp.E2","L","16",1,40,60,50,15,0.0888,"Jul-20"
"487","20-Jul-20172013_11.prm",25.696,"Bp.E2.Ee2.1.40-60.16",0.0851,0.0219,17.3192,2.1646,0.5562,379.6819,"Bp","E","Bp.E2","Ee2","16",1,40,60,50,16,0.0851,"Jul-20"
"488","20-Jul-20172113_17.prm",26.911,"Bp.E2.Ee1.1.40-60.16",0.0794,0.0214,17.2048,2.0589,0.5541,378.2637,"Bp","E","Bp.E2","Ee1","16",1,40,60,50,17,0.0794,"Jul-20"
"490","20-Jul-20172313_28.prm",26.88,"It.E1.T.3.10-20.16",0.1627,0.0437,22.37,4.3423,1.1672,783.1402,"It","E","It.E1","T","16",3,10,20,15,19,0.1627,"Jul-20"
"491","20-Jul-20172413_34.prm",27.784,"It.E1.Ee2.3.10-20.16",0.2045,0.0568,25.3935,5.067,1.4078,942.0264,"It","E","It.E1","Ee2","16",3,10,20,15,20,0.2045,"Jul-20"
"492","20-Jul-20172513_40.prm",25.392,"It.E1.Ee2.4.10-20.16",0.1283,0.0326,19.7964,3.1908,0.8102,547.413,"It","E","It.E1","Ee2","16",4,10,20,15,21,0.1283,"Jul-20"
"493","20-Jul-20172613_45.prm",24.328,"It.E1.T.4.10-20.16",0.121,0.0294,19.0708,3.2023,0.7791,526.8327,"It","E","It.E1","T","16",4,10,20,15,22,0.121,"Jul-20"
"494","20-Jul-20172713_51.prm",24.808,"It.E1.Ee1.4.10-20.16",0.1756,0.0436,22.3287,4.2127,1.0451,702.499,"It","E","It.E1","Ee1","16",4,10,20,15,23,0.1756,"Jul-20"
"495","20-Jul-20172813_57.prm",27.893,"It.E1.T.2.10-20.16",0.2222,0.062,26.5844,5.5175,1.539,1028.6347,"It","E","It.E1","T","16",2,10,20,15,24,0.2222,"Jul-20"
"496","20-Jul-20172914_03.prm",26.505,"It.E1.Ee2.2.10-20.16",0.2011,0.0533,24.5802,5.2124,1.3815,924.6775,"It","E","It.E1","Ee2","16",2,10,20,15,25,0.2011,"Jul-20"
"497","20-Jul-20173014_08.prm",26.389,"It.E1.L.2.10-20.16",0.1729,0.0456,22.8062,4.8341,1.2757,854.7672,"It","E","It.E1","L","16",2,10,20,15,26,0.1729,"Jul-20"
"498","20-Jul-20173114_14.prm",25.96,"It.E1.Ee1.2.10-20.16",0.1245,0.0323,19.7316,3.3579,0.8717,588.0196,"It","E","It.E1","Ee1","16",2,10,20,15,27,0.1245,"Jul-20"
"504","26-Jul-2017610_51.prm",27.961,"It.E1.T.3.0-10.16",0.1708,0.0478,22.5039,3.8855,1.0864,714.6767,"It","E","It.E1","T","16",3,0,10,5,6,0.1708,"Jul-26"
"505","26-Jul-2017710_57.prm",27.299,"It.E1.T.1.0-10.16",0.2579,0.0704,27.7003,5.7426,1.5677,1029.6678,"It","E","It.E1","T","16",1,0,10,5,7,0.2579,"Jul-26"
"506","26-Jul-2017811_03.prm",26.646,"It.E1.T.2.0-10.16",0.2781,0.0741,28.551,6.4344,1.7145,1125.7676,"It","E","It.E1","T","16",2,0,10,5,8,0.2781,"Jul-26"
"507","26-Jul-2017911_08.prm",25.996,"It.E1.Ee1.4.0-10.16",0.3036,0.0789,29.6601,6.649,1.7285,1134.9224,"It","E","It.E1","Ee1","16",4,0,10,5,9,0.3036,"Jul-26"
"508","26-Jul-20171011_15.prm",26.951,"It.E1.Ee1.1.0-10.16",0.2702,0.0728,28.254,7.2393,1.9511,1280.5994,"It","E","It.E1","Ee1","16",1,0,10,5,10,0.2702,"Jul-26"
"509","26-Jul-20171111_22.prm",27.6,"It.E1.Ee1.2.0-10.16",0.2291,0.0632,26.0531,5.862,1.6179,1062.5521,"It","E","It.E1","Ee1","16",2,0,10,5,11,0.2291,"Jul-26"
"510","26-Jul-20171211_29.prm",26.011,"It.E1.L.4.0-10.16",0.2021,0.0526,23.6045,4.4463,1.1565,760.5605,"It","E","It.E1","L","16",4,0,10,5,12,0.2021,"Jul-26"
"512","26-Jul-20171411_42.prm",27.578,"It.E1.L.1.0-10.16",0.2058,0.0568,24.5684,5.1688,1.4255,936.5832,"It","E","It.E1","L","16",1,0,10,5,14,0.2058,"Jul-26"
"513","26-Jul-20171511_49.prm",27.359,"It.E1.L.2.0-10.16",0.2772,0.0758,28.9513,7.3824,2.0197,1325.5597,"It","E","It.E1","L","16",2,0,10,5,15,0.2772,"Jul-26"
"514","26-Jul-20171611_55.prm",27.145,"It.E1.Ee2.3.0-10.16",0.3021,0.082,30.3665,6.6787,1.8129,1190.1919,"It","E","It.E1","Ee2","16",3,0,10,5,16,0.3021,"Jul-26"
"516","26-Jul-20171812_09.prm",26.844,"It.E1.Ee2.1.0-10.16",0.3108,0.0834,30.6901,7.2191,1.9379,1271.9913,"It","E","It.E1","Ee2","16",1,0,10,5,18,0.3108,"Jul-26"
"517","26-Jul-20171912_16.prm",27.594,"It.E1.Ee2.2.0-10.16",0.2789,0.077,29.2056,5.8787,1.6222,1065.3415,"It","E","It.E1","Ee2","16",2,0,10,5,19,0.2789,"Jul-26"
"518","26-Jul-20172012_22.prm",27.755,"It.E1.T.3.10-20.04",0.1784,0.0495,22.9041,3.5019,0.972,639.7523,"It","E","It.E1","T","04",3,10,20,15,20,0.1784,"Jul-26"
"519","26-Jul-20172112_29.prm",26.703,"It.E1.T.4.10-20.04",0.2427,0.0648,26.4188,5.2857,1.4114,927.411,"It","E","It.E1","T","04",4,10,20,15,21,0.2427,"Jul-26"
"520","26-Jul-20172212_36.prm",27.176,"It.E1.Ee1.1.10-20.16",0.2126,0.0578,24.7994,4.7331,1.2863,845.4812,"It","E","It.E1","Ee1","16",1,10,20,15,22,0.2126,"Jul-26"
"521","26-Jul-20172312_43.prm",26.488,"It.E1.Ee1.1.10-20.16",0.1608,0.0426,21.3166,3.5685,0.9452,622.2651,"It","E","It.E1","Ee1","16",1,10,20,15,23,0.1608,"Jul-26"
"522","26-Jul-20172412_49.prm",28.076,"It.E1.Ee2.1.10-20.16",0.2836,0.0796,29.8158,6.3568,1.7847,1171.7374,"It","E","It.E1","Ee2","16",1,10,20,15,24,0.2836,"Jul-26"
"523","26-Jul-20172512_56.prm",26.941,"It.E1.Ee2.2.10-20.16",0.2369,0.0638,26.1907,5.1069,1.3759,904.1138,"It","E","It.E1","Ee2","16",2,10,20,15,25,0.2369,"Jul-26"
"524","26-Jul-20172613_03.prm",27.641,"It.E1.T.2.10-20.16",0.2512,0.0694,27.4758,5.5061,1.5219,999.7265,"It","E","It.E1","T","16",2,10,20,15,26,0.2512,"Jul-26"
"525","26-Jul-20172713_10.prm",27.325,"It.E1.T.1.10-20.16",0.1676,0.0458,22.0518,4.1197,1.1257,740.3896,"It","E","It.E1","T","16",1,10,20,15,27,0.1676,"Jul-26"
"526","26-Jul-20172813_16.prm",27.921,"It.E1.L.3.10-20.16",0.1776,0.0496,22.9224,3.7332,1.0423,685.8259,"It","E","It.E1","L","16",3,10,20,15,28,0.1776,"Jul-26"
"529","26-Jul-20173113_36.prm",26.666,"It.E1.L.2.10-20.16",0.2203,0.0588,25.0269,5.1455,1.3721,901.6554,"It","E","It.E1","L","16",2,10,20,15,31,0.2203,"Jul-26"
"530","26-Jul-20173213_43.prm",26.619,"It.E1.L.1.10-20.16",0.2186,0.0582,24.8982,5.3746,1.4307,939.9852,"It","E","It.E1","L","16",1,10,20,15,32,0.2186,"Jul-26"
"531","26-Jul-20173313_50.prm",26.85,"It.E2.3.10-20.16",0.1648,0.0442,21.6957,3.3404,0.8969,590.6197,"It","E","It.E2",NA,"16",3,10,20,15,33,0.1648,"Jul-26"
"532","26-Jul-20173413_57.prm",26.737,"It.E2.1.10-20.16",0.1937,0.0518,23.4298,4.1539,1.1106,730.525,"It","E","It.E2",NA,"16",1,10,20,15,34,0.1937,"Jul-26"
"533","26-Jul-20173514_04.prm",27.555,"It.E2.2.10-20.16",0.158,0.0435,21.5349,3.3726,0.9293,611.8398,"It","E","It.E2",NA,"16",2,10,20,15,35,0.158,"Jul-26"
"534","26-Jul-20173614_10.prm",26.93,"It.E2.4.0-10.16",0.1919,0.0517,23.4009,3.9018,1.0507,691.3229,"It","E","It.E2",NA,"16",4,0,10,5,36,0.1919,"Jul-26"
"535","26-Jul-20173714_17.prm",26.771,"It.E2.3.0-10.16",0.1086,0.0291,18.215,2.6734,0.7157,472.0326,"It","E","It.E2",NA,"16",3,0,10,5,37,0.1086,"Jul-26"
"536","26-Jul-20173814_24.prm",26.545,"It.E2.2.0-10.16",0.1719,0.0456,22.0163,3.5199,0.9344,615.1439,"It","E","It.E2",NA,"16",2,0,10,5,38,0.1719,"Jul-26"
"537","26-Jul-20173914_31.prm",26.158,"It.E2.1.0-10.16",0.2111,0.0552,24.2143,4.8623,1.2719,836.0549,"It","E","It.E2",NA,"16",1,0,10,5,39,0.2111,"Jul-26"
"538","26-Jul-20174014_37.prm",27.072,"It.E2.4.10-20.16",0.1406,0.0381,20.2749,2.7136,0.7346,484.4189,"It","E","It.E2",NA,"16",4,10,20,15,40,0.1406,"Jul-26"
"541","26-Jul-20174314_57.prm",26.987,"BO.E.1.0-10.16",0.1677,0.0452,21.9257,2.2945,0.6192,408.8727,"BO","E","BO.E",NA,"16",1,0,10,5,43,0.1677,"Jul-26"
"542","26-Jul-20174415_02.prm",26.264,"BO.E.2.0-10.16",0.1906,0.0501,23.0309,2.756,0.7238,477.3598,"BO","E","BO.E",NA,"16",2,0,10,5,44,0.1906,"Jul-26"
"543","26-Jul-20174515_08.prm",27.402,"BO.E.3.0-10.16",0.147,0.0403,20.7876,2.0449,0.5603,370.3431,"BO","E","BO.E",NA,"16",3,0,10,5,45,0.147,"Jul-26"
"544","26-Jul-20174615_14.prm",27.226,"BO.E.4.0-10.16",0.1642,0.0447,21.7988,2.1361,0.5816,384.2388,"BO","E","BO.E",NA,"16",4,0,10,5,46,0.1642,"Jul-26"
"545","26-Jul-20174715_20.prm",27.105,"BO.E.1.10-20.16",0.1577,0.0428,21.3544,1.9891,0.5392,356.4742,"BO","E","BO.E",NA,"16",1,10,20,15,47,0.1577,"Jul-26"
"546","26-Jul-20174815_26.prm",26.995,"BO.E.2.10-20.16",0.1586,0.0428,21.3684,2.0691,0.5585,369.1656,"BO","E","BO.E",NA,"16",2,10,20,15,48,0.1586,"Jul-26"
"547","26-Jul-20174915_31.prm",26.615,"BO.E.3.10-20.16",0.1195,0.0318,18.8423,1.4052,0.374,248.3794,"BO","E","BO.E",NA,"16",3,10,20,15,49,0.1195,"Jul-26"
"548","26-Jul-20175015_37.prm",27.003,"BO.E.4.10-20.16",0.1428,0.0386,20.393,1.7417,0.4703,311.4106,"BO","E","BO.E",NA,"16",4,10,20,15,50,0.1428,"Jul-26"
"550","26-Jul-20175215_49.prm",27.83,"JP.E2.1.10-20.16",0.0366,0.0102,13.8774,0.7254,0.2019,135.7209,"JP","E","JP.E2",NA,"16",1,10,20,15,52,0.0366,"Jul-26"
"551","26-Jul-20175315_55.prm",28.263,"JP.E2.2.10-20.16",0.0443,0.0125,14.4117,0.8646,0.2444,163.5329,"JP","E","JP.E2",NA,"16",2,10,20,15,53,0.0443,"Jul-26"
"552","26-Jul-20175416_00.prm",28.23,"JP.E2.3.10-20.16",0.0314,0.0089,13.5741,0.6253,0.1765,119.1238,"JP","E","JP.E2",NA,"16",3,10,20,15,54,0.0314,"Jul-26"
"553","26-Jul-20175516_06.prm",26.794,"JP.E2.4.10-20.16",0.0262,0.007,13.1493,0.5361,0.1436,97.592,"JP","E","JP.E2",NA,"16",4,10,20,15,55,0.0262,"Jul-26"
"554","26-Jul-20175616_12.prm",26.946,"Bp.E2.T.3.10-20.16",0.1111,0.0299,18.4115,1.9441,0.5239,346.4573,"Bp","E","Bp.E2","T","16",3,10,20,15,56,0.1111,"Jul-26"
"555","26-Jul-20175716_18.prm",26.958,"Bp.E2.L.3.10-20.16",0.0994,0.0268,17.6888,1.6832,0.4537,300.5713,"Bp","E","Bp.E2","L","16",3,10,20,15,57,0.0994,"Jul-26"
"556","26-Jul-20175816_23.prm",27.096,"Bp.E2.Ee1.3.10-20.16",0.0836,0.0227,16.7408,1.8168,0.4923,325.7925,"Bp","E","Bp.E2","Ee1","16",3,10,20,15,58,0.0836,"Jul-26"
"557","26-Jul-20175916_29.prm",27.274,"Bp.E2.Ee2.3.10-20.16",0.0901,0.0246,17.1816,1.8798,0.5127,339.1585,"Bp","E","Bp.E2","Ee2","16",3,10,20,15,59,0.0901,"Jul-26"
"558","26-Jul-20176016_35.prm",27.945,"Bp.E2.T.4.10-20.16",0.1273,0.0356,19.7031,2.5529,0.7134,470.5204,"Bp","E","Bp.E2","T","16",4,10,20,15,60,0.1273,"Jul-26"
"559","26-Jul-20176116_41.prm",27.183,"Bp.E2.L.4.10-20.16",0.1094,0.0297,18.3651,2.1179,0.5757,380.3906,"Bp","E","Bp.E2","L","16",4,10,20,15,61,0.1094,"Jul-26"
"560","26-Jul-20176216_47.prm",26.385,"Bp.E2.Ee1.4.10-20.16",0.1284,0.0339,19.3146,2.887,0.7617,502.1557,"Bp","E","Bp.E2","Ee1","16",4,10,20,15,62,0.1284,"Jul-26"
"561","26-Jul-20176316_53.prm",28.191,"Bp.E2.Ee2.4.10-20.16",0.088,0.0248,17.2367,2.3517,0.663,437.5164,"Bp","E","Bp.E2","Ee2","16",4,10,20,15,63,0.088,"Jul-26"
