"","run.date","ID","Wt.mg","N.mg","C.mg","N","C","site","LU","stand","position","year","rep","inc_from","inc_to","depth","line","Nadj","CNevalday"
"8","_7_12_2018 11_39_57 AM_7","Eu.E2.Ee1.1.0-10.16",26.908,0.033,0.489,0.121,1.819,"Eu","E","Eu.E2","Ee1","16",1,0,10,5,1,0.121093202564808,"7-12"
"9","_7_12_2018 11_44_58 AM_8","BO.P.1.60-100.16",26.553,0.019,0.155,0.07,0.585,"BO","P","BO.P",NA,"16",1,60,100,80,2,0.0701079208063562,"7-12"
"10","_7_12_2018 11_50_00 AM_9","It.E1.Ee1.2.0-10.16",27.258,0.07,1.558,0.255,5.714,"It","E","It.E1","Ee1","16",2,0,10,5,3,0.255590165056795,"7-12"
"11","_7_12_2018 11_55_01 AM_10","JP.E1.L.4.0-10.16",27.555,0.014,0.228,0.049,0.826,"JP","E","JP.E1","L","16",4,0,10,5,4,0.0491513224265887,"7-12"
"12","_7_12_2018 12_00_02 PM_11","JP.E1.Ee1.2.0-10.16",27.765,0.02,0.394,0.07,1.42,"JP","E","JP.E1","Ee1","16",2,0,10,5,5,0.0702704274032495,"7-12"
"13","_7_12_2018 12_11_45 PM_12","Eu.E1.Ee2.1.0-10.16",27.529,0.052,0.72,0.19,2.617,"Eu","E","Eu.E1","Ee2","16",1,0,10,5,6,0.190881501776974,"7-12"
"14","_7_12_2018 12_16_47 PM_13","Eu.E1.Ee1.4.0-10.16",29.374,0.033,0.4,0.113,1.361,"Eu","E","Eu.E1","Ee1","16",4,0,10,5,7,0.113612111827412,"7-12"
"15","_7_12_2018 12_21_48 PM_14","Eu.E1.Ee1.3.0-10.16",25.795,0.042,0.614,0.162,2.38,"Eu","E","Eu.E1","Ee1","16",3,0,10,5,8,0.163003680522181,"7-12"
"16","_7_12_2018 12_26_49 PM_15","Eu.E1.Ee1.2.0-10.16",25.813,0.047,0.659,0.184,2.552,"Eu","E","Eu.E1","Ee1","16",2,0,10,5,9,0.185283474647559,"7-12"
"17","_7_12_2018 12_31_51 PM_16","Eu.E1.Ee1.1.0-10.16",29.979,0.056,0.806,0.188,2.69,"Eu","E","Eu.E1","Ee1","16",1,0,10,5,10,0.189458214927113,"7-12"
"18","_7_12_2018 12_36_52 PM_17","Eu.E1.T.4.0-10.16",27.714,0.041,0.533,0.148,1.922,"Eu","E","Eu.E1","T","16",4,0,10,5,11,0.149263732284373,"7-12"
"21","_7_12_2018 12_51_56 PM_20","JP.E1.E.1.0-10.04",27.664,0.015,0.244,0.056,0.881,"JP","E","JP.E1","E","04",1,0,10,5,14,0.0566099992248712,"7-12"
"22","_7_12_2018 12_56_58 PM_21","JP.E1.E.4.60-100.04",26.853,0.007,0.095,0.027,0.353,"JP","E","JP.E1","E","04",4,60,100,80,15,0.0273153597643937,"7-12"
"23","_7_12_2018 1_02_00 PM_22","JP.N.4.10-20.16",26.52,0.012,0.125,0.046,0.471,"JP","N","JP.N",NA,"16",4,10,20,15,16,0.046573544838417,"7-12"
"24","_7_12_2018 1_07_01 PM_23","JP.N.1.60-100.04",27.714,0.006,0.067,0.02,0.242,"JP","N","JP.N",NA,"04",1,60,100,80,17,0.0202651594101533,"7-12"
"25","_7_12_2018 1_12_03 PM_24","BO.P.4.60-100.04",27.316,0.017,0.171,0.062,0.626,"BO","P","BO.P",NA,"04",4,60,100,80,18,0.0628710260661441,"7-12"
"26","_7_12_2018 1_17_05 PM_25","BO.P.1.20-40.04",27.478,0.026,0.309,0.096,1.124,"BO","P","BO.P",NA,"04",1,20,40,30,19,0.0974247244774228,"7-12"
"27","_7_12_2018 1_22_06 PM_26","It.N.1.10-20.16",27.839,0.11,1.86,0.394,6.68,"It","N","It.N",NA,"16",1,10,20,15,20,0.400159871163002,"7-12"
"28","_7_12_2018 1_27_08 PM_27","It.N.2.10-20.16",27.656,0.121,2.022,0.438,7.311,"It","N","It.N",NA,"16",2,10,20,15,21,0.445195789351854,"7-12"
"29","_7_12_2018 1_32_10 PM_28","It.N.3.10-20.16",27.842,0.131,2.224,0.471,7.987,"It","N","It.N",NA,"16",3,10,20,15,22,0.479112757877872,"7-12"
"30","_7_12_2018 1_38_12 PM_29","It.N.4.10-20.16",27.517,0.122,2.099,0.443,7.629,"It","N","It.N",NA,"16",4,10,20,15,23,0.450983560964558,"7-12"
"31","_7_12_2018 1_44_14 PM_30","It.N.2.0-10.16",27.059,0.13,2.115,0.481,7.817,"It","N","It.N",NA,"16",2,0,10,5,24,0.490052360177074,"7-12"
"32","_7_12_2018 1_50_16 PM_31","It.N.4.0-10.16",27.841,0.138,2.334,0.497,8.383,"It","N","It.N",NA,"16",4,0,10,5,25,0.506750852688038,"7-12"
"33","_7_12_2018 1_56_18 PM_32","Eu.N.4.60-100.04",27.902,0.009,0.248,0.032,0.89,"Eu","N","Eu.N",NA,"04",4,60,100,80,26,0.0326534471713122,"7-12"
"34","_7_12_2018 2_02_20 PM_33","Eu.N.1.0-10.04",26.719,0.034,0.579,0.126,2.167,"Eu","N","Eu.N",NA,"04",1,0,10,5,27,0.12867400793236,"7-12"
"35","_7_12_2018 2_08_22 PM_34","Eu.E1.T.4.0-10.04",27.007,0.041,1.027,0.151,3.803,"Eu","E","Eu.E1","T","04",4,0,10,5,28,0.154325866823129,"7-12"
"36","_7_12_2018 2_14_24 PM_35","Eu.E1.E.1.0-10.04",27.546,0.031,0.628,0.112,2.28,"Eu","E","Eu.E1","E","04",1,0,10,5,29,0.114556981935409,"7-12"
"37","_7_12_2018 2_20_26 PM_36","Eu.E1.4.60-100.04",28.012,0.01,0.145,0.036,0.516,"Eu","E","Eu.E1",NA,"04",4,60,100,80,30,0.0368508978511934,"7-12"
"40","_7_12_2018 2_35_32 PM_39","JP.E1.2.60-100.16",25.694,0.006,0.132,0.025,0.514,"JP","E","JP.E1",NA,"16",2,60,100,80,33,0.0256515313770191,"7-12"
"41","_7_12_2018 2_40_34 PM_40","JP.E1.1.60-100.16",27.628,0.003,0.107,0.012,0.388,"JP","E","JP.E1",NA,"16",1,60,100,80,34,0.0123224665441156,"7-12"
"42","_7_12_2018 2_45_36 PM_41","JP.E1.2.40-60.16",28.592,0.005,0.136,0.019,0.474,"JP","E","JP.E1",NA,"16",2,40,60,50,35,0.0195260045850921,"7-12"
"43","_7_12_2018 2_50_38 PM_42","JP.E1.4.40-60.16",26.64,0.006,0.101,0.023,0.38,"JP","E","JP.E1",NA,"16",4,40,60,50,36,0.0236554534857069,"7-12"
"44","_7_12_2018 2_55_40 PM_43","JP.E1.3.40-60.16",28.861,0.005,0.105,0.017,0.364,"JP","E","JP.E1",NA,"16",3,40,60,50,37,0.0174983174715378,"7-12"
"45","_7_12_2018 3_00_42 PM_44","JP.E1.1.40-60.16",27.322,0.006,0.166,0.023,0.608,"JP","E","JP.E1",NA,"16",1,40,60,50,38,0.023692964684473,"7-12"
"46","_7_12_2018 3_05_44 PM_45","JP.E1.4.20-40.16",27.549,0.007,0.136,0.024,0.494,"JP","E","JP.E1",NA,"16",4,20,40,30,39,0.0247427112326335,"7-12"
"47","_7_12_2018 3_10_45 PM_46","JP.E1.3.20-40.16",25.477,0.007,0.162,0.026,0.637,"JP","E","JP.E1",NA,"16",3,20,40,30,40,0.0268258900424683,"7-12"
"48","_7_12_2018 3_15_47 PM_47","JP.E1.2.20-40.16",26.594,0.006,0.156,0.023,0.588,"JP","E","JP.E1",NA,"16",2,20,40,30,41,0.023749455074549,"7-12"
"49","_7_12_2018 3_20_49 PM_48","JP.E1.1.20-40.16",26.474,0.005,0.137,0.02,0.517,"JP","E","JP.E1",NA,"16",1,20,40,30,42,0.0206681261857704,"7-12"
"810","_7_20_2018 9_52_08 AM_7","BO.P.1.10-20.16",27.001,0.04,0.412,0.15,1.525,"BO","P","BO.P",NA,"16",1,10,20,15,2,0.15,"7-20"
"95","_7_20_2018 9_57_09 AM_8","BO.P.1.10-20.16",27.995,0.042,0.43,0.152,1.536,"BO","P","BO.P",NA,"16",1,10,20,15,3,0.152,"7-20"
"101","_7_20_2018 10_02_10 AM_9","BO.P.3.10-20.16",28.253,0.042,0.379,0.149,1.341,"BO","P","BO.P",NA,"16",3,10,20,15,4,0.149,"7-20"
"111","_7_20_2018 10_07_12 AM_10","BO.P.2.10-20.16",27.188,0.047,0.408,0.171,1.499,"BO","P","BO.P",NA,"16",2,10,20,15,5,0.171,"7-20"
"121","_7_20_2018 10_12_13 AM_11","BO.P.4.0-10.16",26.832,0.047,0.45,0.175,1.678,"BO","P","BO.P",NA,"16",4,0,10,5,6,0.175,"7-20"
"131","_7_20_2018 10_17_14 AM_12","BO.P.3.0-10.16",28.483,0.055,0.543,0.194,1.905,"BO","P","BO.P",NA,"16",3,0,10,5,7,0.194,"7-20"
"141","_7_20_2018 10_22_15 AM_13","BO.P.4.10-20.16",27.673,0.046,0.38,0.166,1.374,"BO","P","BO.P",NA,"16",4,10,20,15,8,0.166,"7-20"
"151","_7_20_2018 10_27_16 AM_14","JP.N.2.10-20.16",27.606,0.025,0.092,0.09,0.334,"JP","N","JP.N",NA,"16",2,10,20,15,9,0.09,"7-20"
"161","_7_20_2018 10_32_17 AM_15","JP.N.3.10-20.16",26.622,0.023,0.077,0.086,0.29,"JP","N","JP.N",NA,"16",3,10,20,15,10,0.086,"7-20"
"171","_7_20_2018 10_37_19 AM_16","JP.N.1.10-20.16",27.959,0.024,0.086,0.084,0.307,"JP","N","JP.N",NA,"16",1,10,20,15,11,0.084,"7-20"
"181","_7_20_2018 10_42_20 AM_17","JP.N.4.0-10.16",28.043,0.024,0.134,0.085,0.476,"JP","N","JP.N",NA,"16",4,0,10,5,12,0.085,"7-20"
"191","_7_20_2018 10_47_21 AM_18","JP.N.3.0-10.16",26.876,0.023,0.132,0.084,0.491,"JP","N","JP.N",NA,"16",3,0,10,5,13,0.084,"7-20"
"221","_7_20_2018 11_02_28 AM_21","It.E1.1.20-40.16",25.63,0.036,0.721,0.14,2.814,"It","E","It.E1",NA,"16",1,20,40,30,16,0.14,"7-20"
"231","_7_20_2018 11_07_30 AM_22","It.E1.2.20-40.16",27.56,0.04,0.806,0.146,2.923,"It","E","It.E1",NA,"16",2,20,40,30,17,0.146,"7-20"
"241","_7_20_2018 11_12_31 AM_23","It.E1.1.40-60.16",27.183,0.032,0.618,0.117,2.273,"It","E","It.E1",NA,"16",1,40,60,50,18,0.117,"7-20"
"251","_7_20_2018 11_17_32 AM_24","It.E1.4.20-40.16",25.542,0.032,0.481,0.124,1.882,"It","E","It.E1",NA,"16",4,20,40,30,19,0.124,"7-20"
"261","_7_20_2018 11_22_34 AM_25","It.E1.3.20-40.16",27.407,0.04,0.765,0.145,2.792,"It","E","It.E1",NA,"16",3,20,40,30,20,0.145,"7-20"
"271","_7_20_2018 11_27_36 AM_26","It.E1.2.40-60.16",25.576,0.035,0.688,0.137,2.69,"It","E","It.E1",NA,"16",2,40,60,50,21,0.137,"7-20"
"281","_7_20_2018 11_32_38 AM_27","It.E1.3.40-60.16",25.393,0.03,0.53,0.119,2.089,"It","E","It.E1",NA,"16",3,40,60,50,22,0.119,"7-20"
"291","_7_20_2018 11_37_40 AM_28","It.E1.4.40-60.16",26.825,0.025,0.389,0.094,1.451,"It","E","It.E1",NA,"16",4,40,60,50,23,0.094,"7-20"
"301","_7_20_2018 11_42_41 AM_29","It.E1.5.40-60.16",25.41,0.017,0.222,0.068,0.872,"It","E","It.E1",NA,"16",5,40,60,50,24,0.068,"7-20"
"311","_7_20_2018 11_47_43 AM_30","It.E1.2.60-100.16",25.879,0.027,0.475,0.103,1.835,"It","E","It.E1",NA,"16",2,60,100,80,25,0.103,"7-20"
"321","_7_20_2018 11_52_45 AM_31","It.E1.1.60-100.16",27.308,0.025,0.476,0.093,1.744,"It","E","It.E1",NA,"16",1,60,100,80,26,0.093,"7-20"
"351","_7_20_2018 12_07_59 PM_34","BO.P.1.10-20.16",26.156,0.039,0.404,0.147,1.545,"BO","P","BO.P",NA,"16",1,10,20,15,29,0.147,"7-20"
"361","_7_20_2018 12_13_01 PM_35","It.E1.3.60-100.16",28.503,0.034,0.658,0.121,2.307,"It","E","It.E1",NA,"16",3,60,100,80,30,0.121,"7-20"
"371","_7_20_2018 12_18_03 PM_36","It.E1.4.60-100.16",26.028,0.018,0.373,0.07,1.434,"It","E","It.E1",NA,"16",4,60,100,80,31,0.07,"7-20"
"381","_7_20_2018 12_23_04 PM_37","It.E2.1.10-20.16",27.294,0.05,0.976,0.183,3.576,"It","E","It.E2",NA,"16",1,10,20,15,32,0.183,"7-20"
"391","_7_20_2018 12_28_06 PM_38","It.E2.3.20-40.16",27.668,0.032,0.579,0.116,2.094,"It","E","It.E2",NA,"16",3,20,40,30,33,0.116,"7-20"
"401","_7_20_2018 12_33_08 PM_39","It.E2.4.20-40.16",28.652,0.034,0.623,0.119,2.174,"It","E","It.E2",NA,"16",4,20,40,30,34,0.119,"7-20"
"411","_7_20_2018 12_38_09 PM_40","It.E2.3.40-60.16",27.25,0.024,0.442,0.09,1.621,"It","E","It.E2",NA,"16",3,40,60,50,35,0.09,"7-20"
"421","_7_20_2018 12_43_11 PM_41","It.E2.4.40-60.16",27.758,0.025,0.455,0.092,1.639,"It","E","It.E2",NA,"16",4,40,60,50,36,0.092,"7-20"
"431","_7_20_2018 12_48_13 PM_42","It.E2.1.60-100.16",28.12,0.023,0.426,0.082,1.516,"It","E","It.E2",NA,"16",1,60,100,80,37,0.082,"7-20"
"441","_7_20_2018 12_53_14 PM_43","It.E2.2.60-100.16",27.08,0.032,0.618,0.117,2.283,"It","E","It.E2",NA,"16",2,60,100,80,38,0.117,"7-20"
"451","_7_20_2018 12_58_16 PM_44","It.E2.3.60-100.16",26.95,0.022,0.427,0.081,1.585,"It","E","It.E2",NA,"16",3,60,100,80,39,0.081,"7-20"
"461","_7_20_2018 1_03_18 PM_45","BO.P.4.10-20.16",28.418,0.033,0.374,0.117,1.314,"BO","P","BO.P",NA,"16",4,10,20,15,40,0.117,"7-20"
"491","_7_20_2018 1_24_14 PM_48","JP.P.1.0-10.16",28.071,0.013,0.168,0.045,0.597,"JP","P","JP.P",NA,"16",1,0,10,5,43,0.045,"7-20"
"501","_7_20_2018 1_29_16 PM_49","JP.P.2.0-10.16",26.503,0.01,0.129,0.038,0.487,"JP","P","JP.P",NA,"16",2,0,10,5,44,0.038,"7-20"
"51","_7_20_2018 1_34_18 PM_50","JP.N.3.20-40.16",29.397,0.01,0.088,0.033,0.301,"JP","N","JP.N",NA,"16",3,20,40,30,45,0.033,"7-20"
"52","_7_20_2018 1_39_20 PM_51","JP.N.4.20-40.16",27.912,0.01,0.089,0.035,0.317,"JP","N","JP.N",NA,"16",4,20,40,30,46,0.035,"7-20"
"53","_7_20_2018 1_44_22 PM_52","JP.N.1.40-60.16",29.179,0.009,0.082,0.031,0.281,"JP","N","JP.N",NA,"16",1,40,60,50,47,0.031,"7-20"
"54","_7_20_2018 1_49_24 PM_53","JP.N.2.40-60.16",28.304,0.008,0.077,0.029,0.272,"JP","N","JP.N",NA,"16",2,40,60,50,48,0.029,"7-20"
"55","_7_20_2018 1_54_26 PM_54","JP.N.3.40-60.16",29.337,0.011,0.12,0.038,0.41,"JP","N","JP.N",NA,"16",3,40,60,50,49,0.038,"7-20"
"56","_7_20_2018 1_59_28 PM_55","JP.N.4.40-60.16",27.251,0.009,0.089,0.032,0.326,"JP","N","JP.N",NA,"16",4,40,60,50,50,0.032,"7-20"
"57","_7_20_2018 2_04_30 PM_56","JP.N.3.60-100.16",26.439,0.007,0.069,0.026,0.259,"JP","N","JP.N",NA,"16",3,60,100,80,51,0.026,"7-20"
"58","_7_20_2018 2_09_32 PM_57","JP.N.4.60-100.16",27.936,0.007,0.093,0.026,0.333,"JP","N","JP.N",NA,"16",4,60,100,80,52,0.026,"7-20"
"59","_7_20_2018 2_14_34 PM_58","BO.P.1.10-20.16",26.587,0.037,0.418,0.138,1.573,"BO","P","BO.P",NA,"16",1,10,20,15,53,0.138,"7-20"
"711","_7_25_2018 9_53_44 AM_6","JP.E2.2.60-100.16",28.558,0.006,0.069,0.021,0.24,"JP","E","JP.E2",NA,"16",2,60,100,80,1,0.021,"7-25"
"811","_7_25_2018 9_58_45 AM_7","BO.E.3.20-40.16",25.903,0.029,0.313,0.112,1.21,"BO","E","BO.E",NA,"16",3,20,40,30,2,0.112,"7-25"
"96","_7_25_2018 10_03_46 AM_8","BO.E.2.20-40.16",25.095,0.027,0.326,0.109,1.298,"BO","E","BO.E",NA,"16",2,20,40,30,3,0.109,"7-25"
"102","_7_25_2018 10_08_47 AM_9","BO.E.4.20-40.16",25.328,0.027,0.288,0.108,1.136,"BO","E","BO.E",NA,"16",4,20,40,30,4,0.108,"7-25"
"112","_7_25_2018 10_13_48 AM_10","BO.E.1.40-60.16",28.75,0.032,0.372,0.11,1.294,"BO","E","BO.E",NA,"16",1,40,60,50,5,0.11,"7-25"
"122","_7_25_2018 10_18_49 AM_11","BO.E.2.40-60.16",26.38,0.03,0.342,0.115,1.297,"BO","E","BO.E",NA,"16",2,40,60,50,6,0.115,"7-25"
"132","_7_25_2018 10_23_50 AM_12","BO.E.3.40-60.16",27.994,0.028,0.263,0.1,0.941,"BO","E","BO.E",NA,"16",3,40,60,50,7,0.1,"7-25"
"142","_7_25_2018 10_28_51 AM_13","BO.E.1.20-40.16",26.941,0.034,0.364,0.127,1.351,"BO","E","BO.E",NA,"16",1,20,40,30,8,0.127,"7-25"
"152","_7_25_2018 10_33_52 AM_14","BO.E.4.40-60.16",25.421,0.024,0.233,0.093,0.915,"BO","E","BO.E",NA,"16",4,40,60,50,9,0.093,"7-25"
"162","_7_25_2018 10_38_53 AM_15","BO.E.1.60-100.16",28.431,0.022,0.21,0.078,0.738,"BO","E","BO.E",NA,"16",1,60,100,80,10,0.078,"7-25"
"172","_7_25_2018 10_43_55 AM_16","BO.E.2.60-100.16",28.149,0.021,0.224,0.073,0.797,"BO","E","BO.E",NA,"16",2,60,100,80,11,0.073,"7-25"
"202","_7_25_2018 10_59_01 AM_19","BO.E.3.60-100.16",27.072,0.017,0.14,0.064,0.516,"BO","E","BO.E",NA,"16",3,60,100,80,14,0.064,"7-25"
"213","_7_25_2018 11_04_03 AM_20","BO.E.4.60-100.16",26.973,0.018,0.17,0.068,0.629,"BO","E","BO.E",NA,"16",4,60,100,80,15,0.068,"7-25"
"222","_7_25_2018 11_09_04 AM_21","It.E2.4.60-100.16",25.888,0.02,0.403,0.078,1.555,"It","E","It.E2",NA,"16",4,60,100,80,16,0.078,"7-25"
"232","_7_25_2018 11_14_05 AM_22","It.E2.2.20-40.16",28.617,0.035,0.69,0.122,2.412,"It","E","It.E2",NA,"16",2,20,40,30,17,0.122,"7-25"
"242","_7_25_2018 11_19_06 AM_23","JP.E2.1.60-100.16",26.813,NA,0.087,NA,0.325,"JP","E","JP.E2",NA,"16",1,60,100,80,18,NA,"7-25"
"252","_7_25_2018 11_24_07 AM_24","JP.E2.2.60-100.16",26.442,0.007,0.064,0.028,0.243,"JP","E","JP.E2",NA,"16",2,60,100,80,19,0.028,"7-25"
"262","_7_25_2018 11_29_09 AM_25","JP.E2.3.60-100.16",28.205,0.007,0.065,0.026,0.231,"JP","E","JP.E2",NA,"16",3,60,100,80,20,0.026,"7-25"
"272","_7_25_2018 11_34_10 AM_26","JP.E2.4.60-100.16",28.185,0.006,0.043,0.021,0.152,"JP","E","JP.E2",NA,"16",4,60,100,80,21,0.021,"7-25"
"282","_7_25_2018 11_39_11 AM_27","JP.E2.4.40-60.16",27.649,0.008,0.083,0.028,0.3,"JP","E","JP.E2",NA,"16",4,40,60,50,22,0.028,"7-25"
"292","_7_25_2018 11_44_13 AM_28","JP.E2.3.40-60.16",26.83,0.007,0.067,0.027,0.248,"JP","E","JP.E2",NA,"16",3,40,60,50,23,0.027,"7-25"
"302","_7_25_2018 11_49_14 AM_29","JP.E2.2.40-60.16",28.181,0.009,0.096,0.032,0.341,"JP","E","JP.E2",NA,"16",2,40,60,50,24,0.032,"7-25"
"313","_7_25_2018 11_54_16 AM_30","JP.E2.1.40-60.16",27.918,0.008,0.072,0.029,0.259,"JP","E","JP.E2",NA,"16",1,40,60,50,25,0.029,"7-25"
"332","_7_25_2018 12_04_23 PM_32","JP.E2.1.20-40.16",28.004,0.01,0.096,0.035,0.344,"JP","E","JP.E2",NA,"16",1,20,40,30,27,0.035,"7-25"
"342","_7_25_2018 12_09_25 PM_33","JP.E2.2.20-40.16",27.31,0.009,0.084,0.032,0.307,"JP","E","JP.E2",NA,"16",2,20,40,30,28,0.032,"7-25"
"352","_7_25_2018 12_14_27 PM_34","JP.E2.3.20-40.16",28.558,0.011,0.137,0.039,0.479,"JP","E","JP.E2",NA,"16",3,20,40,30,29,0.039,"7-25"
"362","_7_25_2018 12_19_29 PM_35","JP.E2.4.20-40.16",26.722,0.008,0.088,0.03,0.329,"JP","E","JP.E2",NA,"16",4,20,40,30,30,0.03,"7-25"
"372","_7_25_2018 12_24_31 PM_36","JP.P.4.20-40.16",26.991,0.009,0.1,0.033,0.371,"JP","P","JP.P",NA,"16",4,20,40,30,31,0.033,"7-25"
"382","_7_25_2018 12_29_33 PM_37","JP.P.3.20-40.16",27.54,0.01,0.11,0.036,0.399,"JP","P","JP.P",NA,"16",3,20,40,30,32,0.036,"7-25"
"392","_7_25_2018 12_34_34 PM_38","JP.P.2.20-40.16",27.167,0.008,0.073,0.028,0.269,"JP","P","JP.P",NA,"16",2,20,40,30,33,0.028,"7-25"
"402","_7_25_2018 12_39_36 PM_39","JP.P.1.20-40.16",27.886,0.009,0.106,0.031,0.379,"JP","P","JP.P",NA,"16",1,20,40,30,34,0.031,"7-25"
"413","_7_25_2018 12_44_37 PM_40","JP.P.4.40-60.16",26.768,0.007,0.082,0.026,0.304,"JP","P","JP.P",NA,"16",4,40,60,50,35,0.026,"7-25"
"422","_7_25_2018 12_49_39 PM_41","JP.P.3.40-60.16",28.267,0.007,0.083,0.025,0.294,"JP","P","JP.P",NA,"16",3,40,60,50,36,0.025,"7-25"
"432","_7_25_2018 12_54_40 PM_42","JP.P.2.40-60.16",26.19,0.007,0.074,0.027,0.283,"JP","P","JP.P",NA,"16",2,40,60,50,37,0.027,"7-25"
"452","_7_25_2018 1_04_50 PM_44","JP.P.1.40-60.16",27.998,0.008,0.077,0.027,0.275,"JP","P","JP.P",NA,"16",1,40,60,50,39,0.027,"7-25"
"462","_7_25_2018 1_09_52 PM_45","JP.P.1.60-100.16",27.924,0.006,0.067,0.021,0.24,"JP","P","JP.P",NA,"16",1,60,100,80,40,0.021,"7-25"
"472","_7_25_2018 1_14_54 PM_46","JP.P.2.60-100.16",27.922,0.006,0.057,0.02,0.203,"JP","P","JP.P",NA,"16",2,60,100,80,41,0.02,"7-25"
"482","_7_25_2018 1_19_55 PM_47","JP.P.3.60-100.16",28.091,0.006,0.065,0.021,0.232,"JP","P","JP.P",NA,"16",3,60,100,80,42,0.021,"7-25"
"492","_7_25_2018 1_24_56 PM_48","JP.P.4.60-100.16",26.853,0.006,0.065,0.021,0.243,"JP","P","JP.P",NA,"16",4,60,100,80,43,0.021,"7-25"
"502","_7_25_2018 1_29_56 PM_49","It.N.2.40-60.16",27.791,0.066,1.092,0.237,3.931,"It","N","It.N",NA,"16",2,40,60,50,44,0.237,"7-25"
"512","_7_25_2018 1_34_58 PM_50","It.N.3.60-100.16",25.271,0.024,0.44,0.096,1.742,"It","N","It.N",NA,"16",3,60,100,80,45,0.096,"7-25"
"521","_7_25_2018 1_40_00 PM_51","It.N.1.20-40.16",26.174,0.06,1.072,0.229,4.094,"It","N","It.N",NA,"16",1,20,40,30,46,0.229,"7-25"
"531","_7_25_2018 1_45_01 PM_52","It.N.B.5.40-60.16",25.727,0.02,0.34,0.076,1.32,"It","N","It.N","B","16",5,40,60,50,47,0.076,"7-25"
"541","_7_25_2018 1_50_02 PM_53","Eu.N.3.40-60.16",25.091,0.013,0.193,0.053,0.768,"Eu","N","Eu.N",NA,"16",3,40,60,50,48,0.053,"7-25"
"551","_7_25_2018 1_55_03 PM_54","Eu.N.4.40-60.16",28.346,0.017,0.252,0.059,0.889,"Eu","N","Eu.N",NA,"16",4,40,60,50,49,0.059,"7-25"
"571","_7_25_2018 2_05_14 PM_56","Eu.N.1.60-100.16",25.392,0.008,0.099,0.033,0.389,"Eu","N","Eu.N",NA,"16",1,60,100,80,51,0.033,"7-25"
"581","_7_25_2018 2_10_15 PM_57","Eu.N.2.60-100.16",28.845,0.009,0.117,0.031,0.407,"Eu","N","Eu.N",NA,"16",2,60,100,80,52,0.031,"7-25"
"591","_7_25_2018 2_15_16 PM_58","Eu.N.3.60-100.16",28.809,0.008,0.113,0.029,0.392,"Eu","N","Eu.N",NA,"16",3,60,100,80,53,0.029,"7-25"
"601","_7_25_2018 2_20_17 PM_59","Eu.N.4.60-100.16",25.128,0.01,0.173,0.04,0.688,"Eu","N","Eu.N",NA,"16",4,60,100,80,54,0.04,"7-25"
"61","_7_25_2018 2_25_18 PM_60","Eu.N.1.40-60.16",27.631,0.012,0.169,0.044,0.611,"Eu","N","Eu.N",NA,"16",1,40,60,50,55,0.044,"7-25"
"62","_7_25_2018 2_30_19 PM_61","Eu.N.2.40-60.16",26.82,0.011,0.127,0.04,0.472,"Eu","N","Eu.N",NA,"16",2,40,60,50,56,0.04,"7-25"
"63","_7_25_2018 2_35_19 PM_62","JP.E2.2.60-100.16",27.76,0.005,0.069,0.019,0.247,"JP","E","JP.E2",NA,"16",2,60,100,80,57,0.019,"7-25"
"65","_7_25_2018 2_45_21 PM_64","Eu.N.4.20-40.16",28.961,0.018,0.286,0.061,0.989,"Eu","N","Eu.N",NA,"16",4,20,40,30,59,0.061,"7-25"
"66","_7_25_2018 2_50_22 PM_65","Eu.N.3.20-40.16",25.21,0.016,0.233,0.065,0.923,"Eu","N","Eu.N",NA,"16",3,20,40,30,60,0.065,"7-25"
"67","_7_25_2018 2_55_23 PM_66","Eu.N.2.20-40.16",27.827,0.017,0.24,0.061,0.863,"Eu","N","Eu.N",NA,"16",2,20,40,30,61,0.061,"7-25"
"68","_7_25_2018 3_00_24 PM_67","Eu.N.1.20-40.16",28.585,0.024,0.333,0.085,1.166,"Eu","N","Eu.N",NA,"16",1,20,40,30,62,0.085,"7-25"
"712","_7_27_2018 9_42_33 AM_6","Eu.E1.T.3.0-10.16",26.037,0.047,0.811,0.18,3.113,"Eu","E","Eu.E1","T","16",3,0,10,5,1,0.18,"7-27"
"812","_7_27_2018 9_47_34 AM_7","Eu.E1.L.4.0-10.16",28.646,0.05,0.853,0.176,2.979,"Eu","E","Eu.E1","L","16",4,0,10,5,2,0.176,"7-27"
"97","_7_27_2018 9_52_35 AM_8","Eu.E1.L.3.0-10.16",28.267,0.058,0.901,0.204,3.188,"Eu","E","Eu.E1","L","16",3,0,10,5,3,0.204,"7-27"
"103","_7_27_2018 9_57_36 AM_9","Eu.E1.2.60-100.16",25.318,0.011,0.126,0.045,0.498,"Eu","E","Eu.E1",NA,"16",2,60,100,80,4,0.045,"7-27"
"113","_7_27_2018 10_02_37 AM_10","Eu.E1.4.60-100.16",28.321,0.012,0.097,0.042,0.341,"Eu","E","Eu.E1",NA,"16",4,60,100,80,5,0.042,"7-27"
"123","_7_27_2018 10_07_38 AM_11","Eu.E1.3.60-100.16",25.68,0.014,0.116,0.056,0.452,"Eu","E","Eu.E1",NA,"16",3,60,100,80,6,0.056,"7-27"
"133","_7_27_2018 10_12_39 AM_12","Eu.E1.1.60-100.16",26.548,0.023,0.338,0.087,1.275,"Eu","E","Eu.E1",NA,"16",1,60,100,80,7,0.087,"7-27"
"143","_7_27_2018 10_17_40 AM_13","Eu.E1.4.40-60.16",25.186,0.015,0.104,0.06,0.415,"Eu","E","Eu.E1",NA,"16",4,40,60,50,8,0.06,"7-27"
"153","_7_27_2018 10_22_42 AM_14","Eu.E1.3.40-60.16",29.402,0.019,0.144,0.065,0.49,"Eu","E","Eu.E1",NA,"16",3,40,60,50,9,0.065,"7-27"
"163","_7_27_2018 10_27_43 AM_15","Eu.E1.1.40-60.16",29.315,0.024,0.32,0.083,1.091,"Eu","E","Eu.E1",NA,"16",1,40,60,50,10,0.083,"7-27"
"183","_7_27_2018 10_37_47 AM_17","Eu.E1.4.20-40.16",26.911,0.013,0.093,0.049,0.346,"Eu","E","Eu.E1",NA,"16",4,20,40,30,12,0.049,"7-27"
"193","_7_27_2018 10_42_49 AM_18","Eu.E1.3.20-40.16",27.97,0.018,0.153,0.063,0.547,"Eu","E","Eu.E1",NA,"16",3,20,40,30,13,0.063,"7-27"
"203","_7_27_2018 10_47_50 AM_19","Eu.E1.2.20-40.16",28.97,0.02,0.183,0.068,0.633,"Eu","E","Eu.E1",NA,"16",2,20,40,30,14,0.068,"7-27"
"215","_7_27_2018 10_52_51 AM_20","Eu.E1.1.20-40.16",25.43,0.023,0.316,0.091,1.244,"Eu","E","Eu.E1",NA,"16",1,20,40,30,15,0.091,"7-27"
"223","_7_27_2018 10_57_53 AM_21","Eu.E1.Ee2.3.0-10.16",28.123,0.034,0.457,0.121,1.627,"Eu","E","Eu.E1","Ee2","16",3,0,10,5,16,0.121,"7-27"
"233","_7_27_2018 11_02_54 AM_22","Eu.E1.Ee2.2.0-10.16",26.885,0.029,0.378,0.108,1.407,"Eu","E","Eu.E1","Ee2","16",2,0,10,5,17,0.108,"7-27"
"243","_7_27_2018 11_07_56 AM_23","Eu.E1.L.4.0-10.16",18.499,0.03,0.438,0.163,2.368,"Eu","E","Eu.E1","L","16",4,0,10,5,18,0.163,"7-27"
"253","_7_27_2018 11_12_57 AM_24","Eu.E1.2.40-60.16",19.139,0.012,0.101,0.061,0.526,"Eu","E","Eu.E1",NA,"16",2,40,60,50,19,0.061,"7-27"
"263","_7_27_2018 11_17_59 AM_25","Eu.E1.Ee2.4.0-10.16",20.005,0.019,0.211,0.095,1.056,"Eu","E","Eu.E1","Ee2","16",4,0,10,5,20,0.095,"7-27"
"273","_7_27_2018 11_23_00 AM_26","JP.A.L.4.10-20.16",29.792,0.012,0.135,0.041,0.452,"JP","A","JP.A","L","16",4,10,20,15,21,0.041,"7-27"
"283","_7_27_2018 11_28_02 AM_27","JP.A.L.1.20-40.16",28.45,0.01,0.076,0.036,0.265,"JP","A","JP.A","L","16",1,20,40,30,22,0.036,"7-27"
"293","_7_27_2018 11_33_03 AM_28","JP.A.L.2.20-40.16",28.117,0.011,0.095,0.039,0.339,"JP","A","JP.A","L","16",2,20,40,30,23,0.039,"7-27"
"315","_7_27_2018 11_43_11 AM_30","JP.A.L.3.20-40.16",27.71,0.009,0.08,0.034,0.288,"JP","A","JP.A","L","16",3,20,40,30,25,0.034,"7-27"
"323","_7_27_2018 11_48_13 AM_31","JP.A.L.4.20-40.16",25.663,0.009,0.087,0.035,0.34,"JP","A","JP.A","L","16",4,20,40,30,26,0.035,"7-27"
"333","_7_27_2018 11_53_15 AM_32","JP.A.L.1.40-60.16",27.684,0.007,0.045,0.027,0.163,"JP","A","JP.A","L","16",1,40,60,50,27,0.027,"7-27"
"343","_7_27_2018 11_58_16 AM_33","JP.A.L.2.40-60.16",29.892,0.009,0.066,0.029,0.22,"JP","A","JP.A","L","16",2,40,60,50,28,0.029,"7-27"
"353","_7_27_2018 12_03_18 PM_34","JP.A.L.3.40-60.16",25.817,0.008,0.056,0.029,0.218,"JP","A","JP.A","L","16",3,40,60,50,29,0.029,"7-27"
"363","_7_27_2018 12_08_20 PM_35","Eu.N.3.0-10.04",19.32,0.029,0.383,0.149,1.984,"Eu","N","Eu.N",NA,"04",3,0,10,5,30,0.149,"7-27"
"383","_7_27_2018 12_18_29 PM_37","Eu.N.4.0-10.04",18.953,0.029,0.417,0.153,2.199,"Eu","N","Eu.N",NA,"04",4,0,10,5,32,0.153,"7-27"
"393","_7_27_2018 12_23_31 PM_38","Eu.N.3.20-40.04",19.626,0.016,0.224,0.081,1.142,"Eu","N","Eu.N",NA,"04",3,20,40,30,33,0.081,"7-27"
"403","_7_27_2018 12_28_33 PM_39","Eu.N.4.20-40.04",19.013,0.013,0.154,0.068,0.808,"Eu","N","Eu.N",NA,"04",4,20,40,30,34,0.068,"7-27"
"415","_7_27_2018 12_33_34 PM_40","Eu.N.3.60-100.04",18.67,0.01,0.126,0.051,0.676,"Eu","N","Eu.N",NA,"04",3,60,100,80,35,0.051,"7-27"
"423","_7_27_2018 12_38_35 PM_41","Eu.N.4.60-100.04",18.806,0.008,0.084,0.042,0.449,"Eu","N","Eu.N",NA,"04",4,60,100,80,36,0.042,"7-27"
"713","Bp.E2.2.20-40.16_8_7_2018 10_31_26 AM_6","Bp.E2.2.20-40.16",19.173,0.018,0.275,0.094,1.435,"Bp","E","Bp.E2",NA,"16",2,20,40,30,1,0.094,"8-7"
"813","Bp.E2.3.20-40.16_8_7_2018 10_36_56 AM_7","Bp.E2.3.20-40.16",19.364,0.021,0.315,0.108,1.628,"Bp","E","Bp.E2",NA,"16",3,20,40,30,2,0.108,"8-7"
"98","Bp.E2.4.20-40.16_8_7_2018 10_42_27 AM_8","Bp.E2.4.20-40.16",20.222,0.023,0.406,0.114,2.01,"Bp","E","Bp.E2",NA,"16",4,20,40,30,3,0.114,"8-7"
"104","Bp.E2.1.60-100.16_8_7_2018 10_47_58 AM_9","Bp.E2.1.60-100.16",18.703,0.018,0.323,0.098,1.728,"Bp","E","Bp.E2",NA,"16",1,60,100,80,4,0.098,"8-7"
"114","Bp.E2.2.60-100.16_8_7_2018 10_53_29 AM_10","Bp.E2.2.60-100.16",18.224,0.014,0.208,0.079,1.14,"Bp","E","Bp.E2",NA,"16",2,60,100,80,5,0.079,"8-7"
"124","Bp.E2.3.60-100.16_8_7_2018 10_59_00 AM_11","Bp.E2.3.60-100.16",18.862,0.013,0.207,0.068,1.098,"Bp","E","Bp.E2",NA,"16",3,60,100,80,6,0.068,"8-7"
"134","Bp.E2.4.60-100.16_8_7_2018 11_04_31 AM_12","Bp.E2.4.60-100.16",19.061,0.017,0.275,0.088,1.442,"Bp","E","Bp.E2",NA,"16",4,60,100,80,7,0.088,"8-7"
"144","JP.A.E.3.10-20.16_8_7_2018 11_10_01 AM_13","JP.A.E.3.10-20.16",19.529,0.008,0.086,0.043,0.438,"JP","A","JP.A","E","16",3,10,20,15,8,0.043,"8-7"
"154","JP.A.L.2.10-20.16_8_7_2018 11_15_32 AM_14","JP.A.L.2.10-20.16",18.23,0.009,0.093,0.052,0.512,"JP","A","JP.A","L","16",2,10,20,15,9,0.052,"8-7"
"164","JP.A.L.1.10-20.16_8_7_2018 11_21_03 AM_15","JP.A.L.1.10-20.16",18.484,0.006,0.076,0.033,0.409,"JP","A","JP.A","L","16",1,10,20,15,10,0.033,"8-7"
"174","JP.A.E.2.10-20.16_8_7_2018 11_26_34 AM_16","JP.A.E.2.10-20.16",19.881,0.01,0.106,0.049,0.531,"JP","A","JP.A","E","16",2,10,20,15,11,0.049,"8-7"
"184","JP.A.E.1.10-20.16_8_7_2018 11_32_05 AM_17","JP.A.E.1.10-20.16",19.125,0.008,0.099,0.044,0.516,"JP","A","JP.A","E","16",1,10,20,15,12,0.044,"8-7"
"194","JP.A.L.3.10-20.16_8_7_2018 11_37_35 AM_18","JP.A.L.3.10-20.16",18.89,0.006,0.082,0.032,0.436,"JP","A","JP.A","L","16",3,10,20,15,13,0.032,"8-7"
"217","JP.A.L.4.10-20.16_8_7_2018 11_48_41 AM_20","JP.A.L.4.10-20.16",19.916,0.004,0.068,0.019,0.343,"JP","A","JP.A","L","16",4,10,20,15,15,0.019,"8-7"
"224","JP.A.L.2.20-40.16_8_7_2018 11_54_11 AM_21","JP.A.L.2.20-40.16",20.156,0.005,0.06,0.023,0.299,"JP","A","JP.A","L","16",2,20,40,30,16,0.023,"8-7"
"234","JP.A.L.1.20-40.16_8_7_2018 11_59_42 AM_22","JP.A.L.1.20-40.16",19,0.004,0.064,0.022,0.335,"JP","A","JP.A","L","16",1,20,40,30,17,0.022,"8-7"
"244","JP.A.L.3.20-40.16_8_7_2018 12_05_13 PM_23","JP.A.L.3.20-40.16",19.441,0.003,0.052,0.013,0.269,"JP","A","JP.A","L","16",3,20,40,30,18,0.013,"8-7"
"254","JP.A.L.4.20-40.16_8_7_2018 12_10_44 PM_24","JP.A.L.4.20-40.16",18.782,0.003,0.067,0.017,0.356,"JP","A","JP.A","L","16",4,20,40,30,19,0.017,"8-7"
"264","Bp.E2.T.4.0-10.16_8_7_2018 12_16_15 PM_25","Bp.E2.T.4.0-10.16",19.363,0.035,0.643,0.182,3.321,"Bp","E","Bp.E2","T","16",4,0,10,5,20,0.182,"8-7"
"274","Bp.E2.L.4.0-10.16_8_7_2018 12_21_46 PM_26","Bp.E2.L.4.0-10.16",19.019,0.022,0.418,0.118,2.196,"Bp","E","Bp.E2","L","16",4,0,10,5,21,0.118,"8-7"
"284","Bp.E2.Ee2.4.0-10.16_8_7_2018 12_27_16 PM_27","Bp.E2.Ee2.4.0-10.16",18.16,0.028,0.467,0.152,2.57,"Bp","E","Bp.E2","Ee2","16",4,0,10,5,22,0.152,"8-7"
"294","Bp.E2.Ee1.4.0-10.16_8_7_2018 12_32_47 PM_28","Bp.E2.Ee1.4.0-10.16",18.347,0.024,0.439,0.129,2.391,"Bp","E","Bp.E2","Ee1","16",4,0,10,5,23,0.129,"8-7"
"304","Bp.E2.T.3.0-10.16_8_7_2018 12_38_18 PM_29","Bp.E2.T.3.0-10.16",19.649,0.027,0.448,0.135,2.279,"Bp","E","Bp.E2","T","16",3,0,10,5,24,0.135,"8-7"
"317","Bp.E2.L.3.0-10.16_8_7_2018 12_43_49 PM_30","Bp.E2.L.3.0-10.16",19.225,0.02,0.345,0.102,1.795,"Bp","E","Bp.E2","L","16",3,0,10,5,25,0.102,"8-7"
"324","Bp.E2.Ee2.3.0-10.16_8_7_2018 12_49_20 PM_31","Bp.E2.Ee2.3.0-10.16",19.006,0.03,0.598,0.156,3.149,"Bp","E","Bp.E2","Ee2","16",3,0,10,5,26,0.156,"8-7"
"344","Bp.E2.2.20-40.16_8_7_2018 1_00_27 PM_33","Bp.E2.2.20-40.16",18.845,0.015,0.271,0.08,1.436,"Bp","E","Bp.E2",NA,"16",2,20,40,30,28,0.08,"8-7"
"354","Bp.E2.Ee2.2.0-10.16_8_7_2018 1_05_57 PM_34","Bp.E2.Ee2.2.0-10.16",20.006,0.02,0.393,0.101,1.964,"Bp","E","Bp.E2","Ee2","16",2,0,10,5,29,0.101,"8-7"
"364","Bp.E2.T.2.0-10.16_8_7_2018 1_11_28 PM_35","Bp.E2.T.2.0-10.16",19.225,0.018,0.325,0.095,1.692,"Bp","E","Bp.E2","T","16",2,0,10,5,30,0.095,"8-7"
"374","JP.A.L.4.20-40.16_8_7_2018 1_16_59 PM_36","JP.A.L.4.20-40.16",18.44,0.001,0.059,0.005,0.32,"JP","A","JP.A","L","16",4,20,40,30,31,0.005,"8-7"
"394","Bp.E2.L.2.0-10.16_8_7_2018 1_28_07 PM_38","Bp.E2.L.2.0-10.16",18.644,0.016,0.316,0.086,1.695,"Bp","E","Bp.E2","L","16",2,0,10,5,33,0.086,"8-7"
"404","Bp.E2.Ee1.2.0-10.16_8_7_2018 1_33_38 PM_39","Bp.E2.Ee1.2.0-10.16",18.702,0.018,0.35,0.097,1.871,"Bp","E","Bp.E2","Ee1","16",2,0,10,5,34,0.097,"8-7"
"417","Bp.E2.T.1.0-10.16_8_7_2018 1_39_09 PM_40","Bp.E2.T.1.0-10.16",18.741,0.041,0.787,0.218,4.201,"Bp","E","Bp.E2","T","16",1,0,10,5,35,0.218,"8-7"
"424","Bp.E2.L.1.0-10.16_8_7_2018 2_10_14 PM_41","Bp.E2.L.1.0-10.16",19.094,0.027,0.509,0.141,2.667,"Bp","E","Bp.E2","L","16",1,0,10,5,36,0.141,"8-7"
"434","Bp.E2.Ee2.1.0-10.16_8_7_2018 2_15_46 PM_42","Bp.E2.Ee2.1.0-10.16",18.188,0.028,0.547,0.155,3.01,"Bp","E","Bp.E2","Ee2","16",1,0,10,5,37,0.155,"8-7"
"443","Bp.E2.Ee1.1.0-10.16_8_7_2018 2_21_18 PM_43","Bp.E2.Ee1.1.0-10.16",19.249,0.03,0.572,0.155,2.969,"Bp","E","Bp.E2","Ee1","16",1,0,10,5,38,0.155,"8-7"
"453","Vg.E.L.3.0-10.16_8_7_2018 2_26_50 PM_44","Vg.E.L.3.0-10.16",19.991,0.061,1.05,0.305,5.253,"Vg","E","Vg.E","L","16",3,0,10,5,39,0.305,"8-7"
"473","JP.E2.L.2.0-10.16_8_7_2018 2_38_03 PM_46","JP.E2.L.2.0-10.16",18.347,0.003,0.15,0.018,0.818,"JP","E","JP.E2","L","16",2,0,10,5,41,0.018,"8-7"
"483","JP.E2.T.2.0-10.16_8_7_2018 2_43_35 PM_47","JP.E2.T.2.0-10.16",19.739,0.013,0.465,0.065,2.355,"JP","E","JP.E2","T","16",2,0,10,5,42,0.065,"8-7"
"493","JP.E2.L.4.0-10.16_8_7_2018 2_49_07 PM_48","JP.E2.L.4.0-10.16",18.806,0.002,0.136,0.011,0.725,"JP","E","JP.E2","L","16",4,0,10,5,43,0.011,"8-7"
"503","Eu.E1.1.20-40.04_8_7_2018 2_54_39 PM_49","Eu.E1.1.20-40.04",19.614,0.011,0.197,0.054,1.006,"Eu","E","Eu.E1",NA,"04",1,20,40,30,44,0.054,"8-7"
"515","Eu.E1.2.20-40.04_8_7_2018 3_00_11 PM_50","Eu.E1.2.20-40.04",19.383,0.007,0.154,0.037,0.794,"Eu","E","Eu.E1",NA,"04",2,20,40,30,45,0.037,"8-7"
"522","Eu.E1.3.20-40.04_8_7_2018 3_05_43 PM_51","Eu.E1.3.20-40.04",20.053,0.013,0.212,0.063,1.059,"Eu","E","Eu.E1",NA,"04",3,20,40,30,46,0.063,"8-7"
"532","Eu.E1.4.20-40.04_8_7_2018 3_11_16 PM_52","Eu.E1.4.20-40.04",18.507,0.01,0.194,0.051,1.049,"Eu","E","Eu.E1",NA,"04",4,20,40,30,47,0.051,"8-7"
"542","Eu.E1.1.40-60.04_8_7_2018 3_16_48 PM_53","Eu.E1.1.40-60.04",18.085,0.005,0.126,0.026,0.696,"Eu","E","Eu.E1",NA,"04",1,40,60,50,48,0.026,"8-7"
"552","Eu.E1.4.40-60.04_8_7_2018 3_22_20 PM_54","Eu.E1.4.40-60.04",20.057,0.007,0.145,0.032,0.721,"Eu","E","Eu.E1",NA,"04",4,40,60,50,49,0.032,"8-7"
"562","Eu.E1.3.40-60.04_8_7_2018 3_27_52 PM_55","Eu.E1.3.40-60.04",20.122,0.007,0.137,0.034,0.679,"Eu","E","Eu.E1",NA,"04",3,40,60,50,50,0.034,"8-7"
"572","Eu.E1.2.40-60.04_8_7_2018 3_33_24 PM_56","Eu.E1.2.40-60.04",19.813,0.005,0.121,0.023,0.609,"Eu","E","Eu.E1",NA,"04",2,40,60,50,51,0.023,"8-7"
"582","Eu.N.1.0-10.16_8_7_2018 3_38_57 PM_57","Eu.N.1.0-10.16",18.524,0.024,0.423,0.128,2.283,"Eu","N","Eu.N",NA,"16",1,0,10,5,52,0.128,"8-7"
"602","Eu.N.2.0-10.16_8_7_2018 3_50_11 PM_59","Eu.N.2.0-10.16",19.512,0.023,0.397,0.116,2.034,"Eu","N","Eu.N",NA,"16",2,0,10,5,54,0.116,"8-7"
"614","Eu.N.3.0-10.16_8_7_2018 3_55_42 PM_60","Eu.N.3.0-10.16",18.542,0.009,0.218,0.051,1.174,"Eu","N","Eu.N",NA,"16",3,0,10,5,55,0.051,"8-7"
"621","Eu.N.4.0-10.16_8_7_2018 4_01_14 PM_61","Eu.N.4.0-10.16",19.599,0.011,0.261,0.057,1.332,"Eu","N","Eu.N",NA,"16",4,0,10,5,56,0.057,"8-7"
"631","Eu.N.1.0-10.04_8_7_2018 4_06_47 PM_62","Eu.N.1.0-10.04",20.16,0.023,0.425,0.113,2.107,"Eu","N","Eu.N",NA,"04",1,0,10,5,57,0.113,"8-7"
"641","Eu.N.2.0-10.04_8_7_2018 4_12_18 PM_63","Eu.N.2.0-10.04",20.312,0.031,0.61,0.152,3.001,"Eu","N","Eu.N",NA,"04",2,0,10,5,58,0.152,"8-7"
"651","Eu.N.1.10-20.04_8_7_2018 4_17_51 PM_64","Eu.N.1.10-20.04",19.592,0.009,0.228,0.047,1.163,"Eu","N","Eu.N",NA,"04",1,10,20,15,59,0.047,"8-7"
"661","Eu.N.2.10-20.04_8_7_2018 4_23_23 PM_65","Eu.N.2.10-20.04",20.133,0.013,0.321,0.064,1.595,"Eu","N","Eu.N",NA,"04",2,10,20,15,60,0.064,"8-7"
"671","Eu.N.3.10-20.04_8_7_2018 4_28_55 PM_66","Eu.N.3.10-20.04",19.698,0.007,0.201,0.035,1.02,"Eu","N","Eu.N",NA,"04",3,10,20,15,61,0.035,"8-7"
"681","Eu.N.4.10-20.04_8_7_2018 4_34_26 PM_67","Eu.N.4.10-20.04",19.336,0.012,0.244,0.06,1.26,"Eu","N","Eu.N",NA,"04",4,10,20,15,62,0.06,"8-7"
"691","Eu.E1.E30.1.0-10.04_8_7_2018 4_39_58 PM_68","Eu.E1.E30.1.0-10.04",18.519,0.018,0.415,0.099,2.242,"Eu","E","Eu.E1","E30","04",1,0,10,5,63,0.099,"8-7"
"701","Bp.E2.2.20-40.16_8_7_2018 4_45_31 PM_69","Bp.E2.2.20-40.16",18.753,0.013,0.271,0.068,1.443,"Bp","E","Bp.E2",NA,"16",2,20,40,30,64,0.068,"8-7"
"218","Eu.E2.3.60-100.16_9_7_2018 9_46_19 AM_1","Eu.E2.3.60-100.16",19.434,0.009,0.129,0.045,0.662,"Eu","E","Eu.E2",NA,"16",3,60,100,80,1,0.045,"9-7"
"516","JP.A.L.2.60-100.16_9_7_2018 10_06_26 AM_5","JP.A.L.2.60-100.16",19.909,NA,0.01,NA,0.048,"JP","A","JP.A","L","16",2,60,100,80,4,NA,"9-7"
"615","_9_7_2018 10_15_16 AM_6","Cr.A1.2.10-20.16",18.973,0.018,0.318,0.094,1.676,"Cr","A","Cr.A1",NA,"16",2,10,20,15,5,0.094,"9-7"
"714","_9_7_2018 10_20_17 AM_7","Cr.A1.2.60-100.16",18.206,0.012,0.223,0.065,1.222,"Cr","A","Cr.A1",NA,"16",2,60,100,80,6,0.065,"9-7"
"99","TM.N.1.40-60.16 TM.N.1.40-60.16_9_7_2018 10_30_21 AM_9","TM.N.1.40-60.16",21.344,0.007,0.116,0.031,0.545,"TM","N","TM.N",NA,"16",1,40,60,50,8,0.031,"9-7"
"105","Eu.E2.1.0-10.04_9_7_2018 10_35_22 AM_10","Eu.E2.1.0-10.04",21.475,0.021,0.445,0.096,2.072,"Eu","E","Eu.E2",NA,"04",1,0,10,5,9,0.096,"9-7"
"115","C8_9_7_2018 10_40_23 AM_11","TM.N.2.40-60.16",19.806,0.007,0.095,0.033,0.478,"TM","N","TM.N",NA,"16",2,40,60,50,10,0.033,"9-7"
"125","D4_9_7_2018 10_45_24 AM_12","TM.N.3.40-60.16",19.81,0.007,0.096,0.036,0.487,"TM","N","TM.N",NA,"16",3,40,60,50,11,0.036,"9-7"
"135","D5_9_7_2018 10_50_24 AM_13","TM.N.4.40-60.16",19.711,0.006,0.081,0.032,0.411,"TM","N","TM.N",NA,"16",4,40,60,50,12,0.032,"9-7"
"145","D7_9_7_2018 10_55_26 AM_14","Eu.E2.2.0-10.04",21.409,0.02,0.365,0.091,1.704,"Eu","E","Eu.E2",NA,"04",2,0,10,5,13,0.091,"9-7"
"155","Eu.E2.3.0-10.04_9_7_2018 11_00_27 AM_15","Eu.E2.3.0-10.04",20.637,0.021,0.413,0.101,2.002,"Eu","E","Eu.E2",NA,"04",3,0,10,5,14,0.101,"9-7"
"165","Eu.E2.4.0-10.04_9_7_2018 11_05_28 AM_16","Eu.E2.4.0-10.04",21.08,0.02,0.377,0.095,1.786,"Eu","E","Eu.E2",NA,"04",4,0,10,5,15,0.095,"9-7"
"175","TM.E.1.40-60.16_9_7_2018 11_10_30 AM_17","TM.E.1.40-60.16",19.456,0.006,0.086,0.029,0.443,"TM","E","TM.E",NA,"16",1,40,60,50,16,0.029,"9-7"
"185","E2_9_7_2018 11_15_31 AM_18","TM.E.2.40-60.16",20,0.005,0.083,0.026,0.417,"TM","E","TM.E",NA,"16",2,40,60,50,17,0.026,"9-7"
"195","TM.E.3.40-60.16_9_7_2018 11_20_33 AM_19","TM.E.3.40-60.16",21.261,0.007,0.137,0.034,0.644,"TM","E","TM.E",NA,"16",3,40,60,50,18,0.034,"9-7"
"205","TM.E.4.40-60.16_9_7_2018 11_25_34 AM_20","TM.E.4.40-60.16",19.038,0.006,0.076,0.034,0.402,"TM","E","TM.E",NA,"16",4,40,60,50,19,0.034,"9-7"
"225","TM.A.4.10-20.16_9_7_2018 11_35_41 AM_22","TM.A.4.10-20.16",19.531,0.007,0.09,0.033,0.459,"TM","A","TM.A",NA,"16",4,10,20,15,21,0.033,"9-7"
"235","TM.A.3.10-20.16_9_7_2018 11_40_43 AM_23","TM.A.3.10-20.16",19.616,0.007,0.103,0.037,0.524,"TM","A","TM.A",NA,"16",3,10,20,15,22,0.037,"9-7"
"245","TM.A.2.10-20.16_9_7_2018 11_45_45 AM_24","TM.A.2.10-20.16",20.396,0.009,0.148,0.045,0.726,"TM","A","TM.A",NA,"16",2,10,20,15,23,0.045,"9-7"
"255","TM.A.1.10-20.16_9_7_2018 11_50_47 AM_25","TM.A.1.10-20.16",19.502,0.008,0.129,0.042,0.662,"TM","A","TM.A",NA,"16",1,10,20,15,24,0.042,"9-7"
"265","TM.A.4.40-60.16_9_7_2018 11_55_49 AM_26","TM.A.4.40-60.16",20.429,0.006,0.079,0.03,0.385,"TM","A","TM.A",NA,"16",4,40,60,50,25,0.03,"9-7"
"275","TM.A.3.40-60.16_9_7_2018 12_00_51 PM_27","TM.A.3.40-60.16",21.555,0.006,0.08,0.029,0.372,"TM","A","TM.A",NA,"16",3,40,60,50,26,0.029,"9-7"
"285","TM.A.2.40-60.16_9_7_2018 12_05_52 PM_28","TM.A.2.40-60.16",19.377,0.006,0.075,0.031,0.387,"TM","A","TM.A",NA,"16",2,40,60,50,27,0.031,"9-7"
"295","TM.A.1.40-60.16_9_7_2018 12_10_55 PM_29","TM.A.1.40-60.16",19.939,0.006,0.078,0.029,0.39,"TM","A","TM.A",NA,"16",1,40,60,50,28,0.029,"9-7"
"305","TM.A.2.0-10.16_9_7_2018 12_15_57 PM_30","TM.A.2.0-10.16",19.667,0.011,0.188,0.056,0.954,"TM","A","TM.A",NA,"16",2,0,10,5,29,0.056,"9-7"
"319","TM.A.3.0-10.16_9_7_2018 12_20_59 PM_31","TM.A.3.0-10.16",20.049,0.009,0.154,0.046,0.769,"TM","A","TM.A",NA,"16",3,0,10,5,30,0.046,"9-7"
"325","Eu.E2.Ee1.4.0-10.16_9_7_2018 12_26_01 PM_32","Eu.E2.Ee1.4.0-10.16",20.281,0.014,0.235,0.071,1.157,"Eu","E","Eu.E2","Ee1","16",4,0,10,5,31,0.071,"9-7"
"335","Eu.E2.Ee1.3.0-10.16_9_7_2018 12_31_03 PM_33","Eu.E2.Ee1.3.0-10.16",19.053,0.021,0.411,0.112,2.156,"Eu","E","Eu.E2","Ee1","16",3,0,10,5,32,0.112,"9-7"
"355","Eu.E2.3.60-100.16_2_9_7_2018 12_41_13 PM_35","Eu.E2.3.60-100.16",20.593,0.006,0.135,0.03,0.657,"Eu","E","Eu.E2",NA,"16",3,60,100,80,34,0.03,"9-7"
"365","Eu.E2.T.3.0-10.16_9_7_2018 12_46_16 PM_36","Eu.E2.T.3.0-10.16",18.836,0.019,0.313,0.102,1.662,"Eu","E","Eu.E2","T","16",3,0,10,5,35,0.102,"9-7"
"375","Eu.E2.T.4.0-10.16_9_7_2018 12_51_18 PM_37","Eu.E2.T.4.0-10.16",20.545,0.016,0.264,0.076,1.286,"Eu","E","Eu.E2","T","16",4,0,10,5,36,0.076,"9-7"
"385","Eu.E2.4.40-60.16_9_7_2018 12_56_20 PM_38","Eu.E2.4.40-60.16",18.471,0.006,0.087,0.035,0.469,"Eu","E","Eu.E2",NA,"16",4,40,60,50,37,0.035,"9-7"
"395","Eu.E2.3.40-60.16_9_7_2018 1_01_23 PM_39","Eu.E2.3.40-60.16",18.439,0.007,0.098,0.037,0.529,"Eu","E","Eu.E2",NA,"16",3,40,60,50,38,0.037,"9-7"
"405","Eu.E2.2.40-60.16_9_7_2018 1_06_25 PM_40","Eu.E2.2.40-60.16",19.173,0.008,0.11,0.039,0.572,"Eu","E","Eu.E2",NA,"16",2,40,60,50,39,0.039,"9-7"
"419","Eu.E2.1.40-60.16_9_7_2018 1_11_27 PM_41","Eu.E2.1.40-60.16",20.893,0.008,0.124,0.04,0.594,"Eu","E","Eu.E2",NA,"16",1,40,60,50,40,0.04,"9-7"
"435","Eu.E2.4.60-100.16_9_7_2018 1_21_32 PM_43","Eu.E2.4.60-100.16",21.527,0.008,0.132,0.036,0.613,"Eu","E","Eu.E2",NA,"16",4,60,100,80,42,0.036,"9-7"
"444","TM.E.4.10-20.16_9_7_2018 1_26_34 PM_44","TM.E.4.10-20.16",19.388,0.007,0.131,0.037,0.675,"TM","E","TM.E",NA,"16",4,10,20,15,43,0.037,"9-7"
"454","TM.E.1.10-20.16_9_7_2018 1_31_37 PM_45","TM.E.1.10-20.16",19.978,0.009,0.172,0.047,0.862,"TM","E","TM.E",NA,"16",1,10,20,15,44,0.047,"9-7"
"464","TM.A.4.20-40.16_9_7_2018 1_36_39 PM_46","TM.A.4.20-40.16",19.526,0.007,0.092,0.034,0.469,"TM","A","TM.A",NA,"16",4,20,40,30,45,0.034,"9-7"
"484","Eu.E2.2.60-100.16_9_7_2018 1_46_51 PM_48","Eu.E2.2.60-100.16",19.655,0.007,0.106,0.036,0.539,"Eu","E","Eu.E2",NA,"16",2,60,100,80,47,0.036,"9-7"
"494","Eu.E2.1.60-100.16_9_7_2018 1_51_53 PM_49","Eu.E2.1.60-100.16",21.414,0.007,0.134,0.035,0.626,"Eu","E","Eu.E2",NA,"16",1,60,100,80,48,0.035,"9-7"
"504","Eu.E2.4.20-40.16_9_7_2018 1_56_55 PM_50","Eu.E2.4.20-40.16",19.256,0.01,0.197,0.054,1.024,"Eu","E","Eu.E2",NA,"16",4,20,40,30,49,0.054,"9-7"
"517","Eu.E2.3.20-40.16_9_7_2018 2_01_57 PM_51","Eu.E2.3.20-40.16",19.786,0.011,0.211,0.054,1.065,"Eu","E","Eu.E2",NA,"16",3,20,40,30,50,0.054,"9-7"
"523","Eu.E2.2.20-40.16_9_7_2018 2_06_58 PM_52","Eu.E2.2.20-40.16",21.463,0.011,0.171,0.051,0.798,"Eu","E","Eu.E2",NA,"16",2,20,40,30,51,0.051,"9-7"
"533","Eu.E2.1.20-40.16_9_7_2018 2_12_01 PM_53","Eu.E2.1.20-40.16",21.421,0.012,0.229,0.055,1.069,"Eu","E","Eu.E2",NA,"16",1,20,40,30,52,0.055,"9-7"
"543","TM.A.4.0-10.16_9_7_2018 2_17_03 PM_54","TM.A.4.0-10.16",19.097,0.008,0.133,0.043,0.698,"TM","A","TM.A",NA,"16",4,0,10,5,53,0.043,"9-7"
"553","TM.A.1.0-10.16_9_7_2018 2_22_05 PM_55","TM.A.1.0-10.16",21.077,0.011,0.221,0.051,1.047,"TM","A","TM.A",NA,"16",1,0,10,5,54,0.051,"9-7"
"563","TM.N.1.40-60.16_2_9_7_2018 2_27_07 PM_56","TM.N.1.40-60.16",18.992,0.007,0.119,0.036,0.625,"TM","N","TM.N",NA,"16",1,40,60,50,55,0.036,"9-7"
"593","TM.A.1.40-60.16_9_7_2018 4_03_08 PM_75","TM.A.1.40-60.16",21.008,0.006,0.081,0.029,0.385,"TM","A","TM.A",NA,"16",1,40,60,50,58,0.029,"9-7"
"603","TM.E.3.10-20.16_9_7_2018 4_08_10 PM_76","TM.E.3.10-20.16",20.67,0.01,0.194,0.049,0.94,"TM","E","TM.E",NA,"16",3,10,20,15,59,0.049,"9-7"
"616","TM.E.2.10-20.16_9_7_2018 4_13_13 PM_77","TM.E.2.10-20.16",18.982,0.011,0.227,0.056,1.198,"TM","E","TM.E",NA,"16",2,10,20,15,60,0.056,"9-7"
"622","TM.E.1.10-20.16_9_7_2018 4_18_15 PM_78","TM.E.1.10-20.16",19.33,0.008,0.153,0.043,0.793,"TM","E","TM.E",NA,"16",1,10,20,15,61,0.043,"9-7"
"632","TM.A.3.20-40.16_9_7_2018 4_23_16 PM_79","TM.A.3.20-40.16",20.93,0.007,0.097,0.034,0.462,"TM","A","TM.A",NA,"16",3,20,40,30,62,0.034,"9-7"
"642","TM.A.2.20-40.16_9_7_2018 4_28_19 PM_80","TM.A.2.20-40.16",21.405,0.008,0.12,0.038,0.561,"TM","A","TM.A",NA,"16",2,20,40,30,63,0.038,"9-7"
"652","TM.A.1.20-40.16_9_7_2018 4_33_21 PM_81","TM.A.1.20-40.16",18.689,0.006,0.085,0.034,0.456,"TM","A","TM.A",NA,"16",1,20,40,30,64,0.034,"9-7"
"662","TM.A.2.60-100.16_9_7_2018 4_38_23 PM_82","TM.A.2.60-100.16",20.949,0.006,0.06,0.026,0.286,"TM","A","TM.A",NA,"16",2,60,100,80,65,0.026,"9-7"
"672","TM.A.1.60-100.16_9_7_2018 4_43_25 PM_83","TM.A.1.60-100.16",20.399,0.006,0.082,0.031,0.404,"TM","A","TM.A",NA,"16",1,60,100,80,66,0.031,"9-7"
"682","TM.N.4.60-100.16_9_7_2018 4_48_27 PM_84","TM.N.4.60-100.16",20.286,0.006,0.072,0.031,0.356,"TM","N","TM.N",NA,"16",4,60,100,80,67,0.031,"9-7"
"692","TM.N.3.60-100.16_9_7_2018 4_53_29 PM_85","TM.N.3.60-100.16",19.996,0.005,0.06,0.027,0.298,"TM","N","TM.N",NA,"16",3,60,100,80,68,0.027,"9-7"
"702","TM.N.4.0-10.16_9_7_2018 4_58_32 PM_86","TM.N.4.0-10.16",19.449,0.011,0.181,0.058,0.933,"TM","N","TM.N",NA,"16",4,0,10,5,69,0.058,"9-7"
"715","TM.N.3.0-10.16_9_7_2018 5_03_34 PM_87","TM.N.3.0-10.16",20.849,0.011,0.179,0.053,0.856,"TM","N","TM.N",NA,"16",3,0,10,5,70,0.053,"9-7"
"73","JP.A.E.4.0-10.16_9_7_2018 5_13_52 PM_89","JP.A.E.4.0-10.16",19.553,0.01,0.229,0.053,1.172,"JP","A","JP.A","E","16",4,0,10,5,72,0.053,"9-7"
"74","JP.A.E.3.0-10.16_9_7_2018 5_18_54 PM_90","JP.A.E.3.0-10.16",18.976,0.009,0.175,0.047,0.92,"JP","A","JP.A","E","16",3,0,10,5,73,0.047,"9-7"
"75","JP.A.L.1.0-10.16_9_7_2018 5_23_57 PM_91","JP.A.L.1.0-10.16",20.412,0.01,0.194,0.048,0.95,"JP","A","JP.A","L","16",1,0,10,5,74,0.048,"9-7"
"76","JP.A.L.2.0-10.16_9_7_2018 5_28_59 PM_92","JP.A.L.2.0-10.16",18.214,0.007,0.097,0.037,0.534,"JP","A","JP.A","L","16",2,0,10,5,75,0.037,"9-7"
"320","Eu.E1.4.0-10.04_9_11_2018 9_49_26 AM_2","Eu.E1.4.0-10.04",19.102,0.032,0.731,0.166,3.829,"Eu","E","Eu.E1",NA,"04",4,0,10,5,1,0.166,"9-11"
"716","TM.N.3.0-10.16_9_11_2018 10_09_32 AM_6","TM.N.3.0-10.16",20.818,0.014,0.181,0.068,0.871,"TM","N","TM.N",NA,"16",3,0,10,5,5,0.068,"9-11"
"815","TM.E.1.0-10.16_9_11_2018 10_14_33 AM_7","TM.E.1.0-10.16",18.928,0.01,0.156,0.053,0.822,"TM","E","TM.E",NA,"16",1,0,10,5,6,0.053,"9-11"
"910","TM.E.2.0-10.16_9_11_2018 10_19_34 AM_8","TM.E.2.0-10.16",19.426,0.01,0.17,0.051,0.874,"TM","E","TM.E",NA,"16",2,0,10,5,7,0.051,"9-11"
"106","TM.E.3.0-10.16_9_11_2018 10_24_36 AM_9","TM.E.3.0-10.16",21.018,0.011,0.188,0.052,0.896,"TM","E","TM.E",NA,"16",3,0,10,5,8,0.052,"9-11"
"116","TM.E.4.0-10.16_9_11_2018 10_29_37 AM_10","TM.E.4.0-10.16",21.085,0.011,0.186,0.052,0.884,"TM","E","TM.E",NA,"16",4,0,10,5,9,0.052,"9-11"
"126","TM.E.1.20-40.16_9_11_2018 10_34_38 AM_11","TM.E.1.20-40.16",19.112,0.008,0.12,0.043,0.626,"TM","E","TM.E",NA,"16",1,20,40,30,10,0.043,"9-11"
"136","TM.N.3.10-20.16_9_11_2018 10_39_40 AM_12","TM.N.3.10-20.16",18.786,0.011,0.146,0.057,0.779,"TM","N","TM.N",NA,"16",3,10,20,15,11,0.057,"9-11"
"146","TM.N.4.10-20.16_9_11_2018 10_44_41 AM_13","TM.N.4.10-20.16",21.09,0.013,0.17,0.061,0.808,"TM","N","TM.N",NA,"16",4,10,20,15,12,0.061,"9-11"
"156","TM.N.4.20-40.16_9_11_2018 10_49_42 AM_14","TM.N.4.20-40.16",20.022,0.01,0.125,0.049,0.624,"TM","N","TM.N",NA,"16",4,20,40,30,13,0.049,"9-11"
"166","TM.N.1.20-40.16_9_11_2018 10_56_31 AM_15","TM.N.1.20-40.16",19.484,0.01,0.137,0.05,0.703,"TM","N","TM.N",NA,"16",1,20,40,30,14,0.05,"9-11"
"176","TM.N.2.20-40.16_9_11_2018 11_01_32 AM_16","TM.N.2.20-40.16",19.606,0.01,0.132,0.05,0.671,"TM","N","TM.N",NA,"16",2,20,40,30,15,0.05,"9-11"
"196","Cr.A1.3.60-100.16_9_11_2018 11_11_38 AM_18","Cr.A1.3.60-100.16",18.794,0.012,0.193,0.063,1.025,"Cr","A","Cr.A1",NA,"16",3,60,100,80,17,0.063,"9-11"
"206","Cr.A1.4.60-100.16_9_11_2018 11_16_40 AM_19","Cr.A1.4.60-100.16",18.882,0.014,0.248,0.075,1.313,"Cr","A","Cr.A1",NA,"16",4,60,100,80,18,0.075,"9-11"
"2110","Cr.A1.1.60-100.16_9_11_2018 11_21_41 AM_20","Cr.A1.1.60-100.16",18.359,0.011,0.181,0.061,0.986,"Cr","A","Cr.A1",NA,"16",1,60,100,80,19,0.061,"9-11"
"226","Cr.E.3.0-10.16_9_11_2018 11_26_43 AM_21","Cr.E.3.0-10.16",18.589,0.026,0.479,0.139,2.578,"Cr","E","Cr.E",NA,"16",3,0,10,5,20,0.139,"9-11"
"236","Cr.N.4.40-60.16_9_11_2018 11_31_45 AM_22","Cr.N.4.40-60.16",18.5,0.016,0.241,0.086,1.303,"Cr","N","Cr.N",NA,"16",4,40,60,50,21,0.086,"9-11"
"246","Cr.A1.2.40-60.16_9_11_2018 11_36_47 AM_23","Cr.A1.2.40-60.16",18.542,0.015,0.23,0.08,1.239,"Cr","A","Cr.A1",NA,"16",2,40,60,50,22,0.08,"9-11"
"256","Cr.A1.2.40-60.16_9_11_2018 11_41_48 AM_24","Cr.A1.2.40-60.16",19.031,0.015,0.237,0.081,1.244,"Cr","A","Cr.A1",NA,"16",2,40,60,50,23,0.081,"9-11"
"266","Cr.A2.4.60-100.16_9_11_2018 11_46_50 AM_25","Cr.A2.4.60-100.16",18.604,0.011,0.17,0.059,0.912,"Cr","A","Cr.A2",NA,"16",4,60,100,80,24,0.059,"9-11"
"276","Cr.A2.3.60-100.16_9_11_2018 11_51_52 AM_26","Cr.A2.3.60-100.16",18.884,0.012,0.194,0.065,1.027,"Cr","A","Cr.A2",NA,"16",3,60,100,80,25,0.065,"9-11"
"286","Cr.A2.4.40-60.16_9_11_2018 11_56_54 AM_27","Cr.A2.4.40-60.16",20.099,0.016,0.237,0.078,1.181,"Cr","A","Cr.A2",NA,"16",4,40,60,50,26,0.078,"9-11"
"296","Cr.A1.1.10-20.16_9_11_2018 12_01_56 PM_28","Cr.A1.1.10-20.16",21.521,0.022,0.354,0.102,1.644,"Cr","A","Cr.A1",NA,"16",1,10,20,15,27,0.102,"9-11"
"3110","Cr.E.4.10-20.16_9_11_2018 12_12_05 PM_30","Cr.E.4.10-20.16",19.545,0.019,0.346,0.098,1.771,"Cr","E","Cr.E",NA,"16",4,10,20,15,29,0.098,"9-11"
"326","Cr.E.4.0-10.16_9_11_2018 12_17_08 PM_31","Cr.E.4.0-10.16",20.789,0.028,0.548,0.137,2.638,"Cr","E","Cr.E",NA,"16",4,0,10,5,30,0.137,"9-11"
"336","Cr.E.3.60-100.16_9_11_2018 12_22_10 PM_32","Cr.E.3.60-100.16",17.702,0.01,0.204,0.056,1.155,"Cr","E","Cr.E",NA,"16",3,60,100,80,31,0.056,"9-11"
"346","Eu.E2.1.60-100.04_9_11_2018 12_27_14 PM_33","Eu.E2.1.60-100.04",21.401,0.006,0.131,0.029,0.612,"Eu","E","Eu.E2",NA,"04",1,60,100,80,32,0.029,"9-11"
"356","Eu.E2.2.60-100.04_9_11_2018 12_32_15 PM_34","Eu.E2.2.60-100.04",17.717,0.004,0.059,0.023,0.335,"Eu","E","Eu.E2",NA,"04",2,60,100,80,33,0.023,"9-11"
"366","Eu.E2.3.60-100.04_9_11_2018 12_37_17 PM_35","Eu.E2.3.60-100.04",19.285,0.009,0.218,0.045,1.128,"Eu","E","Eu.E2",NA,"04",3,60,100,80,34,0.045,"9-11"
"376","Cr.E.4.40-60.16_9_11_2018 12_42_19 PM_36","Cr.E.4.40-60.16",19.215,0.012,0.226,0.063,1.174,"Cr","E","Cr.E",NA,"16",4,40,60,50,35,0.063,"9-11"
"386","Cr.A1.3.0-10.16_9_11_2018 12_47_21 PM_37","Cr.A1.3.0-10.16",19.569,0.026,0.47,0.133,2.4,"Cr","A","Cr.A1",NA,"16",3,0,10,5,36,0.133,"9-11"
"396","Eu.E2.1.40-60.04_9_11_2018 12_52_24 PM_38","Eu.E2.1.40-60.04",19.958,0.007,0.124,0.034,0.623,"Eu","E","Eu.E2",NA,"04",1,40,60,50,37,0.034,"9-11"
"406","Eu.E2.2.40-60.04_9_11_2018 12_57_26 PM_39","Eu.E2.2.40-60.04",19.071,0.007,0.105,0.038,0.553,"Eu","E","Eu.E2",NA,"04",2,40,60,50,38,0.038,"9-11"
"4110","Eu.E2.3.40-60.04_9_11_2018 1_02_28 PM_40","Eu.E2.3.40-60.04",21.665,0.007,0.126,0.032,0.58,"Eu","E","Eu.E2",NA,"04",3,40,60,50,39,0.032,"9-11"
"426","Eu.E2.4.40-60.04_9_11_2018 1_07_30 PM_41","Eu.E2.4.40-60.04",17.168,0.007,0.141,0.044,0.82,"Eu","E","Eu.E2",NA,"04",4,40,60,50,40,0.044,"9-11"
"445","JP.A.L.1.60-100.16_9_11_2018 1_17_41 PM_43","JP.A.L.1.60-100.16",19.656,NA,0.026,NA,0.131,"JP","A","JP.A","L","16",1,60,100,80,42,NA,"9-11"
"455","JP.A.E.1.60-100.16_9_11_2018 1_22_44 PM_44","JP.A.E.1.60-100.16",18.714,NA,0.017,NA,0.092,"JP","A","JP.A","E","16",1,60,100,80,43,NA,"9-11"
"465","Cr.A2.4.0-10.16_9_11_2018 1_27_45 PM_45","Cr.A2.4.0-10.16",14.582,0.021,0.363,0.146,2.488,"Cr","A","Cr.A2",NA,"16",4,0,10,5,44,0.146,"9-11"
"475","Cr.A2.1.10-20.16_9_11_2018 1_32_47 PM_46","Cr.A2.1.10-20.16",16.177,0.015,0.272,0.096,1.683,"Cr","A","Cr.A2",NA,"16",1,10,20,15,45,0.096,"9-11"
"485","Cr.A2.3.20-40.16_9_11_2018 1_37_49 PM_47","Cr.A2.3.20-40.16",17.302,0.014,0.251,0.084,1.453,"Cr","A","Cr.A2",NA,"16",3,20,40,30,46,0.084,"9-11"
"495","Cr.A2.4.20-40.16_9_11_2018 1_42_51 PM_48","Cr.A2.4.20-40.16",18.95,0.016,0.27,0.085,1.423,"Cr","A","Cr.A2",NA,"16",4,20,40,30,47,0.085,"9-11"
"505","Cr.A2.1.40-60.16_9_11_2018 1_47_54 PM_49","Cr.A2.1.40-60.16",19.781,0.013,0.235,0.064,1.187,"Cr","A","Cr.A2",NA,"16",1,40,60,50,48,0.064,"9-11"
"519","Cr.A2.2.40-60.16_9_11_2018 1_52_55 PM_50","Cr.A2.2.40-60.16",16.005,0.011,0.195,0.068,1.218,"Cr","A","Cr.A2",NA,"16",2,40,60,50,49,0.068,"9-11"
"524","Cr.A2.3.40-60.16_9_11_2018 1_57_57 PM_51","Cr.A2.3.40-60.16",17.129,0.013,0.235,0.076,1.37,"Cr","A","Cr.A2",NA,"16",3,40,60,50,50,0.076,"9-11"
"534","Cr.E.1.10-20.16_9_11_2018 2_03_00 PM_52","Cr.E.1.10-20.16",17.042,0.017,0.293,0.1,1.718,"Cr","E","Cr.E",NA,"16",1,10,20,15,51,0.1,"9-11"
"544","Cr.E.2.10-20.16_9_11_2018 2_08_02 PM_53","Cr.E.2.10-20.16",18.679,0.019,0.324,0.102,1.734,"Cr","E","Cr.E",NA,"16",2,10,20,15,52,0.102,"9-11"
"554","Cr.E.1.60-100.16_9_11_2018 2_13_03 PM_54","Cr.E.1.60-100.16",19.037,0.01,0.192,0.054,1.009,"Cr","E","Cr.E",NA,"16",1,60,100,80,53,0.054,"9-11"
"574","Cr.E.4.60-100.16_9_11_2018 2_23_16 PM_56","Cr.E.4.60-100.16",18.834,0.008,0.196,0.044,1.041,"Cr","E","Cr.E",NA,"16",4,60,100,80,55,0.044,"9-11"
"584","Cr.E.1.0-10.16_9_11_2018 2_28_18 PM_57","Cr.E.1.0-10.16",19.349,0.023,0.452,0.118,2.337,"Cr","E","Cr.E",NA,"16",1,0,10,5,56,0.118,"9-11"
"594","Eu.E2.3.60-100.04_9_11_2018 2_33_21 PM_58","Eu.E2.3.60-100.04",19.293,0.008,0.218,0.041,1.132,"Eu","E","Eu.E2",NA,"04",3,60,100,80,57,0.041,"9-11"
"604","Eu.E2.4.60-100.04_9_11_2018 2_38_23 PM_59","Eu.E2.4.60-100.04",18.829,0.004,0.081,0.02,0.429,"Eu","E","Eu.E2",NA,"04",4,60,100,80,58,0.02,"9-11"
"618","Cr.E.1.40-60.16_9_11_2018 2_43_25 PM_60","Cr.E.1.40-60.16",21.097,0.014,0.264,0.066,1.249,"Cr","E","Cr.E",NA,"16",1,40,60,50,59,0.066,"9-11"
"623","Cr.E.2.60-100.16_9_11_2018 2_48_27 PM_61","Cr.E.2.60-100.16",18.139,0.01,0.211,0.056,1.165,"Cr","E","Cr.E",NA,"16",2,60,100,80,60,0.056,"9-11"
"633","Cr.E.3.10-20.16_9_11_2018 2_53_29 PM_62","Cr.E.3.10-20.16",16.855,0.015,0.336,0.091,1.993,"Cr","E","Cr.E",NA,"16",3,10,20,15,61,0.091,"9-11"
"643","Cr.E.2.40-60.16_9_11_2018 2_58_31 PM_63","Cr.E.2.40-60.16",18.456,0.012,0.232,0.063,1.259,"Cr","E","Cr.E",NA,"16",2,40,60,50,62,0.063,"9-11"
"653","Cr.E.3.40-60.16_9_11_2018 3_03_33 PM_64","Cr.E.3.40-60.16",18.797,0.01,0.232,0.055,1.233,"Cr","E","Cr.E",NA,"16",3,40,60,50,63,0.055,"9-11"
"663","Cr.E.2.0-10.16_9_11_2018 3_08_36 PM_65","Cr.E.2.0-10.16",17.963,0.019,0.373,0.105,2.077,"Cr","E","Cr.E",NA,"16",2,0,10,5,64,0.105,"9-11"
"673","Cr.E.3.20-40.16_9_11_2018 3_13_38 PM_66","Cr.E.3.20-40.16",20.014,0.014,0.312,0.069,1.56,"Cr","E","Cr.E",NA,"16",3,20,40,30,65,0.069,"9-11"
"683","Cr.E.4.20-40.16_9_11_2018 3_18_39 PM_67","Cr.E.4.20-40.16",19.818,0.014,0.284,0.068,1.433,"Cr","E","Cr.E",NA,"16",4,20,40,30,66,0.068,"9-11"
"703","TM.N.4.20-40.16 _9_11_2018 3_28_56 PM_69","TM.N.4.20-40.16",22.035,0.008,0.136,0.038,0.615,"TM","N","TM.N",NA,"16",4,20,40,30,68,0.038,"9-11"
"717","Cr.A1.4.10-20.16_9_11_2018 3_33_57 PM_70","Cr.A1.4.10-20.16",17.266,0.015,0.311,0.085,1.799,"Cr","A","Cr.A1",NA,"16",4,10,20,15,69,0.085,"9-11"
"721","Cr.A1.3.10-20.16_9_11_2018 3_39_00 PM_71","Cr.A1.3.10-20.16",18.625,0.015,0.31,0.08,1.665,"Cr","A","Cr.A1",NA,"16",3,10,20,15,70,0.08,"9-11"
"731","Cr.A1.3.10-20.16_2_9_11_2018 3_44_03 PM_72","Cr.A1.3.10-20.16",20.404,0.015,0.345,0.075,1.693,"Cr","A","Cr.A1",NA,"16",3,10,20,15,71,0.075,"9-11"
"741","Cr.A1.2.20-40.16_9_11_2018 3_49_05 PM_73","Cr.A1.2.20-40.16",19.254,0.014,0.263,0.074,1.367,"Cr","A","Cr.A1",NA,"16",2,20,40,30,72,0.074,"9-11"
"751","Cr.A1.3.20-40.16_9_11_2018 3_54_08 PM_74","Cr.A1.3.20-40.16",18.758,0.013,0.266,0.072,1.42,"Cr","A","Cr.A1",NA,"16",3,20,40,30,73,0.072,"9-11"
"761","Cr.A1.4.20-40.16_9_11_2018 3_59_09 PM_75","Cr.A1.4.20-40.16",19.926,0.015,0.31,0.074,1.554,"Cr","A","Cr.A1",NA,"16",4,20,40,30,74,0.074,"9-11"
"77","Cr.A1.1.0-10.16_9_11_2018 4_04_12 PM_76","Cr.A1.1.0-10.16",18.866,0.02,0.404,0.108,2.141,"Cr","A","Cr.A1",NA,"16",1,0,10,5,75,0.108,"9-11"
"78","Cr.A1.2.0-10.16_9_11_2018 4_09_15 PM_77","Cr.A1.2.0-10.16",19.075,0.022,0.448,0.114,2.348,"Cr","A","Cr.A1",NA,"16",2,0,10,5,76,0.114,"9-11"
"79","Cr.A1.4.0-10.16_9_11_2018 4_14_17 PM_78","Cr.A1.4.0-10.16",17.538,0.021,0.453,0.118,2.585,"Cr","A","Cr.A1",NA,"16",4,0,10,5,77,0.118,"9-11"
"80","Cr.A1.1.20-40.16_9_11_2018 4_19_20 PM_79","Cr.A1.1.20-40.16",20.128,0.015,0.284,0.075,1.413,"Cr","A","Cr.A1",NA,"16",1,20,40,30,78,0.075,"9-11"
"81","Cr.E.2.20-40.16_9_11_2018 4_24_22 PM_80","Cr.E.2.20-40.16",20.484,0.018,0.31,0.086,1.512,"Cr","E","Cr.E",NA,"16",2,20,40,30,79,0.086,"9-11"
"83","Cr.A2.4.40-60.16_9_11_2018 4_36_18 PM_82","Cr.A2.4.40-60.16",20.574,0.013,0.244,0.065,1.185,"Cr","A","Cr.A2",NA,"16",4,40,60,50,81,0.065,"9-11"
"84","Cr.A1.3.40-60.16_9_11_2018 4_41_21 PM_83","Cr.A1.3.40-60.16",19.568,0.012,0.252,0.061,1.287,"Cr","A","Cr.A1",NA,"16",3,40,60,50,82,0.061,"9-11"
"85","Cr.A1.1.40-60.16_9_11_2018 4_46_23 PM_84","Cr.A1.1.40-60.16",17.374,0.011,0.21,0.063,1.209,"Cr","A","Cr.A1",NA,"16",1,40,60,50,83,0.063,"9-11"
"86","Cr.A1.4.40-60.16_9_11_2018 4_51_26 PM_85","Cr.A1.4.40-60.16",18.366,0.013,0.259,0.069,1.408,"Cr","A","Cr.A1",NA,"16",4,40,60,50,84,0.069,"9-11"
"87","Cr.A2.1.0-10.16_9_11_2018 4_56_29 PM_86","Cr.A2.1.0-10.16",18.198,0.023,0.468,0.124,2.573,"Cr","A","Cr.A2",NA,"16",1,0,10,5,85,0.124,"9-11"
"88","Cr.A2.2.0-10.16_9_11_2018 5_01_31 PM_87","Cr.A2.2.0-10.16",17.092,0.02,0.393,0.114,2.3,"Cr","A","Cr.A2",NA,"16",2,0,10,5,86,0.114,"9-11"
"89","Cr.A2.1.20-40.16_9_11_2018 5_06_33 PM_88","Cr.A2.1.20-40.16",17.209,0.013,0.264,0.076,1.534,"Cr","A","Cr.A2",NA,"16",1,20,40,30,87,0.076,"9-11"
"90","Cr.A2.2.20-40.16_9_11_2018 5_11_35 PM_89","Cr.A2.2.20-40.16",17.538,0.014,0.278,0.08,1.584,"Cr","A","Cr.A2",NA,"16",2,20,40,30,88,0.08,"9-11"
"91","Cr.A2.3.10-20.16_9_11_2018 5_16_37 PM_90","Cr.A2.3.10-20.16",19.25,0.017,0.322,0.086,1.671,"Cr","A","Cr.A2",NA,"16",3,10,20,15,89,0.086,"9-11"
"92","Cr.A2.4.10-20.16_9_11_2018 5_21_40 PM_91","Cr.A2.4.10-20.16",17.463,0.016,0.3,0.093,1.719,"Cr","A","Cr.A2",NA,"16",4,10,20,15,90,0.093,"9-11"
"93","Cr.A1.3.0-10.16_9_11_2018 5_26_42 PM_92","Cr.A1.3.0-10.16",20.698,0.023,0.497,0.112,2.399,"Cr","A","Cr.A1",NA,"16",3,0,10,5,91,0.112,"9-11"
"327","Eu.E1.2.10-20.04_9_13_2018 8_44_50 AM_2","Eu.E1.2.10-20.04",19.283,0.01,0.226,0.054,1.171,"Eu","E","Eu.E1",NA,"04",2,10,20,15,1,0.054,"9-13"
"718","JP.A.E.4.0-10.16_9_13_2018 9_04_56 AM_6","JP.A.E.4.0-10.16",19.387,0.011,0.213,0.054,1.099,"JP","A","JP.A","E","16",4,0,10,5,5,0.054,"9-13"
"816","Cr.A2.1.60-100.16_9_13_2018 9_09_57 AM_7","Cr.A2.1.60-100.16",17.078,0.01,0.182,0.06,1.063,"Cr","A","Cr.A2",NA,"16",1,60,100,80,6,0.06,"9-13"
"911","Cr.A2.2.60-100.16_9_13_2018 9_14_58 AM_8","Cr.A2.2.60-100.16",17.929,0.012,0.196,0.066,1.094,"Cr","A","Cr.A2",NA,"16",2,60,100,80,7,0.066,"9-13"
"107","Cr.A2.3.0-10.16_9_13_2018 9_19_59 AM_9","Cr.A2.3.0-10.16",19.275,0.025,0.458,0.131,2.375,"Cr","A","Cr.A2",NA,"16",3,0,10,5,8,0.131,"9-13"
"117","Cr.A2.4.0-10.16_9_13_2018 9_25_00 AM_10","Cr.A2.4.0-10.16",18.343,0.024,0.46,0.13,2.507,"Cr","A","Cr.A2",NA,"16",4,0,10,5,9,0.13,"9-13"
"127","Cr.N.3.10-20.16_9_13_2018 9_30_02 AM_11","Cr.N.3.10-20.16",17.978,0.019,0.319,0.106,1.773,"Cr","N","Cr.N",NA,"16",3,10,20,15,10,0.106,"9-13"
"137","Cr.N.4.10-20.16_9_13_2018 9_35_03 AM_12","Cr.N.4.10-20.16",18.087,0.021,0.337,0.117,1.863,"Cr","N","Cr.N",NA,"16",4,10,20,15,11,0.117,"9-13"
"147","Cr.N.1.20-40.16_9_13_2018 9_40_04 AM_13","Cr.N.1.20-40.16",15.938,0.014,0.22,0.09,1.382,"Cr","N","Cr.N",NA,"16",1,20,40,30,12,0.09,"9-13"
"157","Cr.N.4.20-40.16_9_13_2018 9_45_06 AM_14","Cr.N.4.20-40.16",20.098,0.019,0.321,0.093,1.596,"Cr","N","Cr.N",NA,"16",4,20,40,30,13,0.093,"9-13"
"167","Cr.N.1.10-20.16_9_13_2018 9_50_07 AM_15","Cr.N.1.10-20.16",17.072,0.017,0.268,0.102,1.567,"Cr","N","Cr.N",NA,"16",1,10,20,15,14,0.102,"9-13"
"177","Cr.N.3.40-60.16_9_13_2018 9_55_09 AM_16","Cr.N.3.40-60.16",19.635,0.014,0.232,0.071,1.181,"Cr","N","Cr.N",NA,"16",3,40,60,50,15,0.071,"9-13"
"197","Cr.N.2.40-60.16_9_13_2018 10_05_14 AM_18","Cr.N.2.40-60.16",16.648,0.011,0.162,0.068,0.975,"Cr","N","Cr.N",NA,"16",2,40,60,50,17,0.068,"9-13"
"207","Cr.N.3.0-10.16_9_13_2018 10_10_16 AM_19","Cr.N.3.0-10.16",16.963,0.025,0.425,0.147,2.504,"Cr","N","Cr.N",NA,"16",3,0,10,5,18,0.147,"9-13"
"2111","Cr.N.3.0-10.16_9_13_2018 10_15_18 AM_20","Cr.N.3.0-10.16",17.378,0.024,0.416,0.136,2.395,"Cr","N","Cr.N",NA,"16",3,0,10,5,19,0.136,"9-13"
"228","Cr.N.4.0-10.16_9_13_2018 10_20_19 AM_21","Cr.N.4.0-10.16",19.365,0.028,0.488,0.145,2.522,"Cr","N","Cr.N",NA,"16",4,0,10,5,20,0.145,"9-13"
"237","Cr.N.2.10-20.16_9_13_2018 10_25_21 AM_22","Cr.N.2.10-20.16",17.767,0.017,0.272,0.096,1.53,"Cr","N","Cr.N",NA,"16",2,10,20,15,21,0.096,"9-13"
"247","Cr.N.4.60-100.16_9_13_2018 10_30_23 AM_23","Cr.N.4.60-100.16",19.996,0.014,0.221,0.069,1.103,"Cr","N","Cr.N",NA,"16",4,60,100,80,22,0.069,"9-13"
"257","Cr.N.3.60-100.16_9_13_2018 10_35_24 AM_24","Cr.N.3.60-100.16",18.862,0.014,0.195,0.073,1.031,"Cr","N","Cr.N",NA,"16",3,60,100,80,23,0.073,"9-13"
"267","Cr.N.1.40-60.16_9_13_2018 10_40_26 AM_25","Cr.N.1.40-60.16",16.362,0.012,0.175,0.071,1.07,"Cr","N","Cr.N",NA,"16",1,40,60,50,24,0.071,"9-13"
"277","Cr.N.2.20-40.16_9_13_2018 10_45_28 AM_26","Cr.N.2.20-40.16",18.039,0.014,0.232,0.077,1.286,"Cr","N","Cr.N",NA,"16",2,20,40,30,25,0.077,"9-13"
"287","Cr.N.3.20-40.16_9_13_2018 10_50_30 AM_27","Cr.N.3.20-40.16",19.485,0.017,0.276,0.089,1.417,"Cr","N","Cr.N",NA,"16",3,20,40,30,26,0.089,"9-13"
"297","Eu.N.4.10-20.16_9_13_2018 10_55_32 AM_28","Eu.N.4.10-20.16",18.085,0.011,0.182,0.06,1.008,"Eu","N","Eu.N",NA,"16",4,10,20,15,27,0.06,"9-13"
"307","Eu.N.3.10-20.16_9_13_2018 11_00_34 AM_29","Eu.N.3.10-20.16",17.522,0.012,0.19,0.068,1.083,"Eu","N","Eu.N",NA,"16",3,10,20,15,28,0.068,"9-13"
"328","Eu.N.2.10-20.16_9_13_2018 11_10_42 AM_31","Eu.N.2.10-20.16",15.504,0.013,0.191,0.084,1.234,"Eu","N","Eu.N",NA,"16",2,10,20,15,30,0.084,"9-13"
"337","Eu.N.1.10-20.16_9_13_2018 11_15_44 AM_32","Eu.N.1.10-20.16",15.976,0.015,0.225,0.092,1.408,"Eu","N","Eu.N",NA,"16",1,10,20,15,31,0.092,"9-13"
"347","Eu.N.1.10-20.16_9_13_2018 11_20_46 AM_33","Eu.N.1.10-20.16",18.832,0.018,0.277,0.093,1.468,"Eu","N","Eu.N",NA,"16",1,10,20,15,32,0.093,"9-13"
"357","Eu.E1.3.10-20.16_9_13_2018 11_25_49 AM_34","Eu.E1.E.3.10-20.16",20.56,0.013,0.186,0.061,0.905,"Eu","E","Eu.E1","E","16",3,10,20,15,33,0.061,"9-13"
"367","Eu.E1.4.10-20.16_9_13_2018 11_30_51 AM_35","Eu.E1.4.10-20.16",17.169,0.01,0.132,0.057,0.769,"Eu","E","Eu.E1",NA,"16",4,10,20,15,34,0.057,"9-13"
"377","JP.A.L.2.0-10.16_9_13_2018 11_35_53 AM_36","JP.A.L.2.0-10.16",17.829,0.008,0.129,0.044,0.726,"JP","A","JP.A","L","16",2,0,10,5,35,0.044,"9-13"
"387","Vg.E.T.4.0-10.16_9_13_2018 11_40_55 AM_37","Vg.E.T.4.0-10.16",18.253,0.063,0.972,0.344,5.324,"Vg","E","Vg.E","T","16",4,0,10,5,36,0.344,"9-13"
"397","JP.A.2.40-60.16_9_13_2018 11_45_58 AM_38","JP.A.2.40-60.16",23.825,0.006,0.056,0.026,0.234,"JP","A","JP.A",NA,"16",2,40,60,50,37,0.026,"9-13"
"407","JP.A.E.3.20-40.16_9_13_2018 11_51_00 AM_39","JP.A.E.3.20-40.16",23.962,0.005,0.057,0.022,0.239,"JP","A","JP.A","E","16",3,20,40,30,38,0.022,"9-13"
"4111","JP.E2.T.4.0-10.16_9_13_2018 11_56_03 AM_40","JP.E2.T.4.0-10.16",24.593,0.009,0.213,0.035,0.868,"JP","E","JP.E2","T","16",4,0,10,5,39,0.035,"9-13"
"428","JP.E2.T.3.0-10.16_9_13_2018 12_01_05 PM_41","JP.E2.T.3.0-10.16",18.267,0.008,0.189,0.045,1.034,"JP","E","JP.E2","T","16",3,0,10,5,40,0.045,"9-13"
"446","JP.E1.3.60-100.16_9_13_2018 12_11_17 PM_43","JP.E1.3.60-100.16",21.465,NA,0.046,NA,0.216,"JP","E","JP.E1",NA,"16",3,60,100,80,42,NA,"9-13"
"456","JP.E1.4.60-100.16_9_13_2018 12_16_20 PM_44","JP.E1.4.60-100.16",18.403,NA,0.038,NA,0.207,"JP","E","JP.E1",NA,"16",4,60,100,80,43,NA,"9-13"
"466","JP.E1.4.60-100.16_9_13_2018 12_21_22 PM_45","JP.E1.4.60-100.16",23.853,NA,0.059,NA,0.248,"JP","E","JP.E1",NA,"16",4,60,100,80,44,NA,"9-13"
"476","JP.A.1.40-60.16_9_13_2018 12_26_25 PM_46","JP.A.1.40-60.16",26.593,0.007,0.063,0.025,0.237,"JP","A","JP.A",NA,"16",1,40,60,50,45,0.025,"9-13"
"486","Eu.E1.Ee2.4.0-10.16_9_13_2018 12_31_27 PM_47","Eu.E1.Ee2.4.0-10.16",16.039,0.015,0.197,0.091,1.229,"Eu","E","Eu.E1","Ee2","16",4,0,10,5,46,0.091,"9-13"
"496","Eu.E1.Ee2.1.0-10.16_9_13_2018 12_36_30 PM_48","Eu.E1.Ee2.1.0-10.16",15.646,0.019,0.324,0.124,2.073,"Eu","E","Eu.E1","Ee2","16",1,0,10,5,47,0.124,"9-13"
"506","Eu.E1.2.0-10.04_9_13_2018 12_41_32 PM_49","Eu.E1.2.0-10.04",16.6,0.018,0.332,0.108,1.998,"Eu","E","Eu.E1",NA,"04",2,0,10,5,48,0.108,"9-13"
"5110","JP.A.2.60-100.16_9_13_2018 12_46_35 PM_50","JP.A.2.60-100.16",25.844,0.006,0.042,0.022,0.164,"JP","A","JP.A",NA,"16",2,60,100,80,49,0.022,"9-13"
"535","JP.A.1.60-100.16_9_13_2018 12_56_48 PM_52","JP.A.1.60-100.16",26.197,0.005,0.043,0.02,0.163,"JP","A","JP.A",NA,"16",1,60,100,80,51,0.02,"9-13"
"545","JP.A.3.60-100.16_9_13_2018 1_01_51 PM_53","JP.A.3.60-100.16",26.154,0.005,0.049,0.02,0.187,"JP","A","JP.A",NA,"16",3,60,100,80,52,0.02,"9-13"
"555","JP.A.4.60-100.16_9_13_2018 1_06_53 PM_54","JP.A.4.60-100.16",28.95,0.005,0.059,0.019,0.203,"JP","A","JP.A",NA,"16",4,60,100,80,53,0.019,"9-13"
"565","JP.A.4.60-100.16_9_13_2018 1_11_56 PM_55","JP.A.4.60-100.16",28.717,0.006,0.059,0.019,0.206,"JP","A","JP.A",NA,"16",4,60,100,80,54,0.019,"9-13"
"575","Eu.E1.2.0-10.04_9_13_2018 1_16_58 PM_56","Eu.E1.2.0-10.04",16.928,0.02,0.405,0.12,2.394,"Eu","E","Eu.E1",NA,"04",2,0,10,5,55,0.12,"9-13"
"585","Eu.E1.3.0-10.04_9_13_2018 1_22_01 PM_57","Eu.E1.3.0-10.04",16.216,0.014,0.242,0.085,1.49,"Eu","E","Eu.E1",NA,"04",3,0,10,5,56,0.085,"9-13"
"595","Cr.E.1.0-10.16_9_13_2018 1_27_03 PM_58","Cr.E.1.0-10.16",17.426,0.021,0.406,0.118,2.329,"Cr","E","Cr.E",NA,"16",1,0,10,5,57,0.118,"9-13"
"605","TM.N.3.0-10.16_9_13_2018 1_32_06 PM_59","TM.N.3.0-10.16",19.116,0.01,0.156,0.052,0.817,"TM","N","TM.N",NA,"16",3,0,10,5,58,0.052,"9-13"
"624","JP.N.2.0-10.16_9_13_2018 1_42_20 PM_61","JP.N.2.0-10.16",21.003,0.007,0.095,0.033,0.452,"JP","N","JP.N",NA,"16",2,0,10,5,60,0.033,"9-13"
"634","BO.P.1.0-10.16_9_13_2018 1_47_23 PM_62","BO.P.1.0-10.16",17.819,0.024,0.311,0.134,1.748,"BO","P","BO.P",NA,"16",1,0,10,5,61,0.134,"9-13"
"644","It.N.3.0-10.16_9_13_2018 1_52_25 PM_63","It.N.3.0-10.16",17.313,0.09,1.599,0.519,9.237,"It","N","It.N",NA,"16",3,0,10,5,62,0.519,"9-13"
"654","JP.E1.3.60-100.16_9_13_2018 1_57_26 PM_64","JP.E1.3.60-100.16",30.596,0.007,0.114,0.021,0.372,"JP","E","JP.E1",NA,"16",3,60,100,80,63,0.021,"9-13"
"664","JP.E1.4.60-100.16_9_13_2018 2_02_29 PM_65","JP.E1.4.60-100.16",28.761,0.006,0.066,0.02,0.23,"JP","E","JP.E1",NA,"16",4,60,100,80,64,0.02,"9-13"
"620","Eu.E1.Ee2.4.0-10.16_9_10_2018 2_29_12 PM_5","Eu.E1.Ee2.4.0-10.16",19.588,0.021,0.299,0.106,1.527,"Eu","E","Eu.E1","Ee2","16",4,0,10,5,1,0.106,"9-10"
"719","Eu.E1.4.10-20.04_9_10_2018 2_34_13 PM_6","Eu.E1.T.4.10-20.04",20.595,0.017,0.358,0.085,1.739,"Eu","E","Eu.E1","T","04",4,10,20,15,2,0.085,"9-10"
"817","Eu.E1.3.10-20.04_9_10_2018 2_39_14 PM_7","Eu.E1.E.3.10-20.04",20.459,0.014,0.248,0.068,1.213,"Eu","E","Eu.E1","E","04",3,10,20,15,3,0.068,"9-10"
"912","Eu.E1.2.10-20.04_9_10_2018 2_44_16 PM_8","Eu.E1.T.2.10-20.04",21.507,0.013,0.249,0.06,1.156,"Eu","E","Eu.E1","T","04",2,10,20,15,4,0.06,"9-10"
"108","Eu.E1.1.10-20.04_9_10_2018 2_49_17 PM_9","Eu.E1.E.1.10-20.04",21.253,0.016,0.281,0.076,1.324,"Eu","E","Eu.E1","E","04",1,10,20,15,5,0.076,"9-10"
"118","Eu.E1.3.0-10.04_9_10_2018 2_54_18 PM_10","Eu.E1.E.3.0-10.04",20.729,0.016,0.293,0.079,1.413,"Eu","E","Eu.E1","E","04",3,0,10,5,6,0.079,"9-10"
"128","Eu.E1.2.0-10.04_9_10_2018 2_59_19 PM_11","Eu.E1.T.2.0-10.04",19.568,0.02,0.392,0.101,2.003,"Eu","E","Eu.E1","T","04",2,0,10,5,7,0.101,"9-10"
"138","Eu.E1.1.0-10.04_9_10_2018 3_04_21 PM_12","Eu.E1.E.1.0-10.04",19.576,0.019,0.359,0.097,1.833,"Eu","E","Eu.E1","E","04",1,0,10,5,8,0.097,"9-10"
"148","Eu.E1.1.60-100.04_9_10_2018 3_09_22 PM_13","Eu.E1.1.60-100.04",19.542,0.006,0.066,0.03,0.339,"Eu","E","Eu.E1",NA,"04",1,60,100,80,9,0.03,"9-10"
"158","Eu.E1.2.60-100.04_9_10_2018 3_14_24 PM_14","Eu.E1.2.60-100.04",19.483,0.006,0.062,0.029,0.316,"Eu","E","Eu.E1",NA,"04",2,60,100,80,10,0.029,"9-10"
"168","Eu.E1.3.60-100.04_9_10_2018 3_19_25 PM_15","Eu.E1.3.60-100.04",18.89,0.005,0.041,0.026,0.214,"Eu","E","Eu.E1",NA,"04",3,60,100,80,11,0.026,"9-10"
"188","JP.A.L.3.60-100.16_9_10_2018 3_29_31 PM_17","JP.A.L.3.60-100.16",21.745,NA,0.031,NA,0.144,"JP","A","JP.A","L","16",3,60,100,80,13,NA,"9-10"
"198","JP.A.E.2.0-10.16_9_10_2018 3_34_32 PM_18","JP.A.E.2.0-10.16",19.902,0.01,0.16,0.049,0.802,"JP","A","JP.A","E","16",2,0,10,5,14,0.049,"9-10"
"208","JP.A.E.1.0-10.16_9_10_2018 3_39_34 PM_19","JP.A.E.1.0-10.16",18.858,0.009,0.146,0.047,0.777,"JP","A","JP.A","E","16",1,0,10,5,15,0.047,"9-10"
"2112","JP.A.E.1.40-60.16_9_10_2018 3_44_36 PM_20","JP.A.E.1.40-60.16",20.185,0.005,0.036,0.024,0.178,"JP","A","JP.A","E","16",1,40,60,50,16,0.024,"9-10"
"2210","JP.A.L.3.0-10.16_9_10_2018 3_49_37 PM_21","JP.A.L.3.0-10.16",21.108,0.011,0.228,0.054,1.078,"JP","A","JP.A","L","16",3,0,10,5,17,0.054,"9-10"
"238","JP.A.L.4.0-10.16_9_10_2018 3_54_39 PM_22","JP.A.L.4.0-10.16",20.615,0.008,0.135,0.038,0.654,"JP","A","JP.A","L","16",4,0,10,5,18,0.038,"9-10"
"258","Eu.N.3.40-60.04_9_10_2018 4_04_46 PM_24","Eu.N.3.40-60.04",21.02,0.008,0.141,0.04,0.67,"Eu","N","Eu.N",NA,"04",3,40,60,50,20,0.04,"9-10"
"268","Eu.N.4.40-60.04_9_10_2018 4_09_48 PM_25","Eu.N.4.40-60.04",18.941,0.007,0.104,0.037,0.547,"Eu","N","Eu.N",NA,"04",4,40,60,50,21,0.037,"9-10"
"278","Eu.N.1.60-100.04_9_10_2018 4_14_50 PM_26","Eu.N.1.60-100.04",21.392,0.007,0.115,0.033,0.536,"Eu","N","Eu.N",NA,"04",1,60,100,80,22,0.033,"9-10"
"288","Eu.N.2.60-100.04_9_10_2018 4_19_52 PM_27","Eu.N.2.60-100.04",19.409,0.009,0.285,0.047,1.466,"Eu","N","Eu.N",NA,"04",2,60,100,80,23,0.047,"9-10"
"298","Eu.N.1.20-40.04_9_10_2018 4_24_54 PM_28","Eu.N.1.20-40.04",20.264,0.012,0.204,0.057,1.008,"Eu","N","Eu.N",NA,"04",1,20,40,30,24,0.057,"9-10"
"308","Eu.N.2.20-40.04_9_10_2018 4_29_56 PM_29","Eu.N.2.20-40.04",20.552,0.012,0.241,0.057,1.174,"Eu","N","Eu.N",NA,"04",2,20,40,30,25,0.057,"9-10"
"3112","JP.A.E.4.10-20.16_9_10_2018 4_34_58 PM_30","JP.A.E.4.10-20.16",18.926,0.005,0.047,0.026,0.249,"JP","A","JP.A","E","16",4,10,20,15,26,0.026,"9-10"
"3210","JP.A.E.4.20-40.16_9_10_2018 4_40_00 PM_31","JP.A.E.4.20-40.16",18.399,0.006,0.056,0.03,0.303,"JP","A","JP.A","E","16",4,20,40,30,27,0.03,"9-10"
"338","JP.A.E.1.20-40.16_9_10_2018 4_45_03 PM_32","JP.A.E.1.20-40.16",19.681,0.006,0.062,0.03,0.313,"JP","A","JP.A","E","16",1,20,40,30,28,0.03,"9-10"
"348","JP.A.E.2.20-40.16_9_10_2018 4_50_04 PM_33","JP.A.E.2.20-40.16",20.384,0.005,0.047,0.026,0.229,"JP","A","JP.A","E","16",2,20,40,30,29,0.026,"9-10"
"358","JP.A.E.3.20-40.16_9_10_2018 4_55_06 PM_34","JP.A.E.3.20-40.16",20.414,0.005,0.052,0.025,0.254,"JP","A","JP.A","E","16",3,20,40,30,30,0.025,"9-10"
"378","Eu.N.1.40-60.04_9_10_2018 5_05_17 PM_36","Eu.N.1.40-60.04",21.25,0.008,0.143,0.04,0.675,"Eu","N","Eu.N",NA,"04",1,40,60,50,32,0.04,"9-10"
"388","Eu.N.2.40-60.04_9_10_2018 5_10_19 PM_37","Eu.N.2.40-60.04",21.271,0.01,0.219,0.046,1.03,"Eu","N","Eu.N",NA,"04",2,40,60,50,33,0.046,"9-10"
"398","Eu.N.3.40-60.04_9_10_2018 5_15_20 PM_38","Eu.N.3.40-60.04",20.089,0.008,0.14,0.042,0.695,"Eu","N","Eu.N",NA,"04",3,40,60,50,34,0.042,"9-10"
"408","Eu.E2.1.20-40.04_9_10_2018 5_20_22 PM_39","Eu.E2.1.20-40.04",21.112,0.009,0.178,0.042,0.841,"Eu","E","Eu.E2",NA,"04",1,20,40,30,35,0.042,"9-10"
"4112","Eu.E2.2.20-40.04_9_10_2018 5_25_24 PM_40","Eu.E2.2.20-40.04",19.215,0.008,0.135,0.043,0.705,"Eu","E","Eu.E2",NA,"04",2,20,40,30,36,0.043,"9-10"
"4210","Eu.E2.3.20-40.04_9_10_2018 5_30_26 PM_41","Eu.E2.3.20-40.04",21.543,0.009,0.173,0.041,0.804,"Eu","E","Eu.E2",NA,"04",3,20,40,30,37,0.041,"9-10"
"438","Eu.E2.4.20-40.04_9_10_2018 5_35_28 PM_42","Eu.E2.4.20-40.04",19.436,0.008,0.153,0.042,0.789,"Eu","E","Eu.E2",NA,"04",4,20,40,30,38,0.042,"9-10"
"447","Eu.E2.1.10-20.04_9_10_2018 5_40_30 PM_43","Eu.E2.1.10-20.04",20.595,0.012,0.259,0.06,1.256,"Eu","E","Eu.E2",NA,"04",1,10,20,15,39,0.06,"9-10"
"457","Eu.E2.2.10-20.04_9_10_2018 5_45_33 PM_44","Eu.E2.2.10-20.04",21.253,0.013,0.299,0.061,1.408,"Eu","E","Eu.E2",NA,"04",2,10,20,15,40,0.061,"9-10"
"467","Eu.E2.3.10-20.04_9_10_2018 5_50_35 PM_45","Eu.E2.3.10-20.04",21.008,0.013,0.27,0.062,1.283,"Eu","E","Eu.E2",NA,"04",3,10,20,15,41,0.062,"9-10"
"477","Eu.E2.4.10-20.04_9_10_2018 5_55_37 PM_46","Eu.E2.4.10-20.04",18.926,0.013,0.26,0.07,1.372,"Eu","E","Eu.E2",NA,"04",4,10,20,15,42,0.07,"9-10"
"487","Eu.E2.4.20-40.04_9_10_2018 6_00_39 PM_47","Eu.E2.4.20-40.04",19.911,0.008,0.159,0.04,0.796,"Eu","E","Eu.E2",NA,"04",4,20,40,30,43,0.04,"9-10"
"507","TM.E.1.20-40.16_9_10_2018 6_10_52 PM_49","TM.E.1.20-40.16",18.781,0.006,0.121,0.034,0.645,"TM","E","TM.E",NA,"16",1,20,40,30,45,0.034,"9-10"
"5111","TM.E.2.20-40.16_9_10_2018 6_15_54 PM_50","TM.E.2.20-40.16",18.49,0.007,0.138,0.036,0.745,"TM","E","TM.E",NA,"16",2,20,40,30,46,0.036,"9-10"
"527","TM.E.3.20-40.16_9_10_2018 6_20_56 PM_51","TM.E.3.20-40.16",19.721,0.009,0.158,0.048,0.8,"TM","E","TM.E",NA,"16",3,20,40,30,47,0.048,"9-10"
"536","TM.E.4.20-40.16_9_10_2018 6_25_58 PM_52","TM.E.4.20-40.16",19.056,0.007,0.087,0.038,0.459,"TM","E","TM.E",NA,"16",4,20,40,30,48,0.038,"9-10"
"546","TM.E.1.60-100.16_9_10_2018 6_31_00 PM_53","TM.E.1.60-100.16",20.262,0.005,0.077,0.026,0.379,"TM","E","TM.E",NA,"16",1,60,100,80,49,0.026,"9-10"
"556","TM.E.2.60-100.16_9_10_2018 6_36_02 PM_54","TM.E.2.60-100.16",20.169,0.006,0.081,0.028,0.402,"TM","E","TM.E",NA,"16",2,60,100,80,50,0.028,"9-10"
"566","TM.E.3.60-100.16_9_10_2018 6_41_05 PM_55","TM.E.3.60-100.16",19.248,0.006,0.071,0.03,0.367,"TM","E","TM.E",NA,"16",3,60,100,80,51,0.03,"9-10"
"576","TM.E.4.60-100.16_9_10_2018 6_46_07 PM_56","TM.E.4.60-100.16",19.944,0.005,0.051,0.026,0.254,"TM","E","TM.E",NA,"16",4,60,100,80,52,0.026,"9-10"
"586","Eu.E2.1.20-40.16_9_10_2018 6_56_18 PM_58","Eu.E2.1.20-40.16",20.103,0.012,0.236,0.061,1.173,"Eu","E","Eu.E2",NA,"16",1,20,40,30,53,0.061,"9-10"
"596","TM.A.4.60-100.16_9_10_2018 7_01_20 PM_59","TM.A.4.60-100.16",19.195,0.006,0.071,0.03,0.371,"TM","A","TM.A",NA,"16",4,60,100,80,54,0.03,"9-10"
"606","TM.A.3.60-100.16_9_10_2018 7_06_22 PM_60","TM.A.3.60-100.16",19.891,0.005,0.065,0.028,0.325,"TM","A","TM.A",NA,"16",3,60,100,80,55,0.028,"9-10"
"625","TM.N.1.10-20.16_9_10_2018 7_16_37 PM_62","TM.N.1.10-20.16",20.315,0.011,0.163,0.053,0.803,"TM","N","TM.N",NA,"16",1,10,20,15,57,0.053,"9-10"
"635","TM.N.2.10-20.16_9_10_2018 7_21_38 PM_63","TM.N.2.10-20.16",18.882,0.01,0.154,0.055,0.818,"TM","N","TM.N",NA,"16",2,10,20,15,58,0.055,"9-10"
"645","TM.N.3.20-40.16_9_10_2018 7_26_41 PM_64","TM.N.3.20-40.16",20.159,0.009,0.115,0.044,0.569,"TM","N","TM.N",NA,"16",3,20,40,30,59,0.044,"9-10"
"655","JP.A.E.4.40-60.16_9_10_2018 7_31_42 PM_65","JP.A.E.4.40-60.16",18.335,NA,0.027,NA,0.147,"JP","A","JP.A","E","16",4,40,60,50,60,NA,"9-10"
"665","JP.A.E.3.40-60.16_9_10_2018 7_36_44 PM_66","JP.A.E.3.40-60.16",21.919,NA,0.044,NA,0.201,"JP","A","JP.A","E","16",3,40,60,50,61,NA,"9-10"
"675","JP.A.L.4.40-60.16_9_10_2018 7_41_46 PM_67","JP.A.L.4.40-60.16",20.979,0.005,0.057,0.025,0.272,"JP","A","JP.A","L","16",4,40,60,50,62,0.025,"9-10"
"684","Eu.N.1.10-20.16_9_10_2018 7_46_49 PM_68","Eu.N.1.10-20.16",19.189,0.018,0.286,0.094,1.49,"Eu","N","Eu.N",NA,"16",1,10,20,15,63,0.094,"9-10"
"230","Eu.E1.3.10-20.04_10_2_2018 8_38_34 AM_2","Eu.E1.3.10-20.04",18.725,0.01,0.232,0.053,1.24,"Eu","E","Eu.E1",NA,"04",3,10,20,15,1,0.053,"10-2"
"626","Bp.E2.4.40-60.16_10_2_2018 8_58_40 AM_6","Bp.E2.4.40-60.16",19.18,0.015,0.305,0.079,1.592,"Bp","E","Bp.E2",NA,"16",4,40,60,50,5,0.079,"10-2"
"720","Bp.E2.2.40-60.16_10_2_2018 9_03_41 AM_7","Bp.E2.2.40-60.16",18.856,0.014,0.21,0.073,1.113,"Bp","E","Bp.E2",NA,"16",2,40,60,50,6,0.073,"10-2"
"818","Bp.E2.1.40-60.16_10_2_2018 9_08_42 AM_8","Bp.E2.1.40-60.16",18.272,0.018,0.356,0.099,1.946,"Bp","E","Bp.E2",NA,"16",1,40,60,50,7,0.099,"10-2"
"913","Eu.E1.1.10-20.16_10_2_2018 9_13_43 AM_9","Eu.E1.1.10-20.16",19.876,0.017,0.253,0.086,1.274,"Eu","E","Eu.E1",NA,"16",1,10,20,15,8,0.086,"10-2"
"109","Eu.E1.1.10-20.16_10_2_2018 9_18_45 AM_10","Eu.E1.1.10-20.16",17.433,0.013,0.186,0.076,1.07,"Eu","E","Eu.E1",NA,"16",1,10,20,15,9,0.076,"10-2"
"119","Eu.E1.2.10-20.16_10_2_2018 9_23_46 AM_11","Eu.E1.2.10-20.16",19.272,0.014,0.169,0.071,0.877,"Eu","E","Eu.E1",NA,"16",2,10,20,15,10,0.071,"10-2"
"129","Eu.E1.T.2.0-10.16_10_2_2018 9_28_47 AM_12","Eu.E1.T.2.0-10.16",19.932,0.019,0.263,0.095,1.318,"Eu","E","Eu.E1","T","16",2,0,10,5,11,0.095,"10-2"
"139","It.E1.L.5.60-100.16_10_2_2018 9_33_48 AM_13","It.E1.L.5.60-100.16",20.29,0.008,0.165,0.04,0.811,"It","E","It.E1","L","16",5,60,100,80,12,0.04,"10-2"
"159","It.E1.L.5.60-100.16_10_2_2018 9_43_53 AM_15","It.E1.L.5.60-100.16",17.887,0.007,0.139,0.037,0.777,"It","E","It.E1","L","16",5,60,100,80,14,0.037,"10-2"
"169","Cr.E.1.20-40.16_10_2_2018 9_48_55 AM_16","Cr.E.1.20-40.16",20.876,0.018,0.291,0.085,1.393,"Cr","E","Cr.E",NA,"16",1,20,40,30,15,0.085,"10-2"
"179","Bp.E2.Ee1.3.0-10.16_10_2_2018 9_53_56 AM_17","Bp.E2.Ee1.3.0-10.16",18.559,0.019,0.345,0.102,1.857,"Bp","E","Bp.E2","Ee1","16",3,0,10,5,16,0.102,"10-2"
"189","JP.A.E.2.40-60.16_10_2_2018 9_58_58 AM_18","JP.A.E.2.40-60.16",27.166,0.007,0.048,0.026,0.176,"JP","A","JP.A","E","16",2,40,60,50,17,0.026,"10-2"
"199","Eu.E2.Ee1.2.0-10.16_10_2_2018 10_03_59 AM_19","Eu.E2.Ee1.2.0-10.16",20.755,0.02,0.324,0.095,1.56,"Eu","E","Eu.E2","Ee1","16",2,0,10,5,18,0.095,"10-2"
"209","Bp.E2.3.40-60.16_10_2_2018 10_09_01 AM_20","Bp.E2.3.40-60.16",20.432,0.015,0.244,0.072,1.192,"Bp","E","Bp.E2",NA,"16",3,40,60,50,19,0.072,"10-2"
"2113","It.E2.1.40-60.16_10_2_2018 10_14_02 AM_21","It.E2.1.40-60.16",16.685,0.013,0.29,0.077,1.739,"It","E","It.E2",NA,"16",1,40,60,50,20,0.077,"10-2"
"2211","It.E2.2.40-60.16_10_2_2018 10_19_03 AM_22","It.E2.2.40-60.16",19.497,0.015,0.365,0.078,1.87,"It","E","It.E2",NA,"16",2,40,60,50,21,0.078,"10-2"
"239","It.E2.1.20-40.16_10_2_2018 10_24_05 AM_23","It.E2.1.20-40.16",18.513,0.018,0.441,0.1,2.383,"It","E","It.E2",NA,"16",1,20,40,30,22,0.1,"10-2"
"249","It.E1.Ee1.3.10-20.16_10_2_2018 10_29_07 AM_24","It.E1.Ee1.3.10-20.16",16.661,0.03,0.763,0.179,4.581,"It","E","It.E1","Ee1","16",3,10,20,15,23,0.179,"10-2"
"269","JP.P.1.20-40.04_10_2_2018 10_39_14 AM_26","JP.P.1.20-40.04",21.62,0.007,0.096,0.032,0.444,"JP","P","JP.P",NA,"04",1,20,40,30,25,0.032,"10-2"
"279","It.N.1.0-10.04_10_2_2018 10_44_16 AM_27","It.N.1.0-10.04",19.106,0.058,1.038,0.302,5.432,"It","N","It.N",NA,"04",1,0,10,5,26,0.302,"10-2"
"289","Bp.E2.1.20-40.16_10_2_2018 10_49_18 AM_28","Bp.E2.1.20-40.16",17.817,0.023,0.495,0.128,2.776,"Bp","E","Bp.E2",NA,"16",1,20,40,30,27,0.128,"10-2"
"299","Bp.E2.1.20-40.16_10_2_2018 10_54_20 AM_29","Bp.E2.1.20-40.16",18.929,0.024,0.513,0.128,2.708,"Bp","E","Bp.E2",NA,"16",1,20,40,30,28,0.128,"10-2"
"309","JP.P.3.60-100.04_10_2_2018 10_59_21 AM_30","JP.P.3.60-100.04",26.196,0.006,0.081,0.023,0.31,"JP","P","JP.P",NA,"04",3,60,100,80,29,0.023,"10-2"
"3113","JP.A.4.40-60.16_10_2_2018 11_04_23 AM_31","JP.A.4.40-60.16",26.858,0.006,0.054,0.023,0.203,"JP","A","JP.A",NA,"16",4,40,60,50,30,0.023,"10-2"
"3211","JP.A.3.40-60.16_10_2_2018 11_09_24 AM_32","JP.A.3.40-60.16",25.544,0.006,0.04,0.023,0.156,"JP","A","JP.A",NA,"16",3,40,60,50,31,0.023,"10-2"
"339","Bp.E2.3.40-60.16_10_2_2018 11_14_26 AM_33","Bp.E2.3.40-60.16",18.137,0.012,0.199,0.068,1.099,"Bp","E","Bp.E2",NA,"16",3,40,60,50,32,0.068,"10-2"
"359","BO.P.2.40-60.16_10_2_2018 11_46_32 AM_35","BO.P.2.40-60.16",17.695,0.013,0.161,0.071,0.91,"BO","P","BO.P",NA,"16",2,40,60,50,34,0.071,"10-2"
"369","BO.P.2.40-60.16_10_2_2018 11_51_34 AM_36","BO.P.2.40-60.16",22.361,0.012,0.159,0.053,0.713,"BO","P","BO.P",NA,"16",2,40,60,50,35,0.053,"10-2"
"379","BO.P.2.40-60.16_10_2_2018 11_56_36 AM_37","BO.P.2.40-60.16",22.73,0.013,0.182,0.058,0.803,"BO","P","BO.P",NA,"16",2,40,60,50,36,0.058,"10-2"
"389","Cr.A2.2.10-20.16_10_2_2018 12_01_38 PM_38","Cr.A2.2.10-20.16",21.665,0.022,0.396,0.099,1.83,"Cr","A","Cr.A2",NA,"16",2,10,20,15,37,0.099,"10-2"
"399","Cr.A2.2.10-20.16_10_2_2018 12_06_40 PM_39","Cr.A2.2.10-20.16",18.653,0.019,0.374,0.103,2.008,"Cr","A","Cr.A2",NA,"16",2,10,20,15,38,0.103,"10-2"
"409","Cr.A2.2.10-20.16_10_2_2018 12_11_42 PM_40","Cr.A2.2.10-20.16",21.152,0.022,0.397,0.104,1.877,"Cr","A","Cr.A2",NA,"16",2,10,20,15,39,0.104,"10-2"
